Workbook

Sheet קידוד_ניסוי
A1: Participant_ID | B1: סדר_מודלים | C1: מודל A | D1: מודל B | E1: תרגול_R1_Scenario_ID | F1: תרגול_R1_קושי | G1: תרגול_R2_Scenario_ID | H1: תרגול_R2_קושי | I1: תרגול_R3_Scenario_ID | J1: תרגול_R3_קושי | K1: תרגול_R4_Scenario_ID | L1: תרגול_R4_קושי | M1: תרגול_R5_Scenario_ID | N1: תרגול_R5_קושי | O1: תרגול_R6_Scenario_ID | P1: תרגול_R6_קושי | Q1: מודל_1_סוג_מודל | R1: מודל_1_סדר_ויזואליזציות | S1: מודל_1_VIS1_ויזואליזציה | T1: מודל_1_VIS1_R1_Scenario_ID | U1: מודל_1_VIS1_R1_קושי | V1: מודל_1_VIS1_R2_Scenario_ID | W1: מודל_1_VIS1_R2_קושי | X1: מודל_1_VIS1_R3_Scenario_ID | Y1: מודל_1_VIS1_R3_קושי | Z1: מודל_1_VIS1_R4_Scenario_ID | AA1: מודל_1_VIS1_R4_קושי | AB1: מודל_1_VIS1_R5_Scenario_ID | AC1: מודל_1_VIS1_R5_קושי | AD1: מודל_1_VIS2_ויזואליזציה | AE1: מודל_1_VIS2_R1_Scenario_ID | AF1: מודל_1_VIS2_R1_קושי | AG1: מודל_1_VIS2_R2_Scenario_ID | AH1: מודל_1_VIS2_R2_קושי | AI1: מודל_1_VIS2_R3_Scenario_ID | AJ1: מודל_1_VIS2_R3_קושי | AK1: מודל_1_VIS2_R4_Scenario_ID | AL1: מודל_1_VIS2_R4_קושי | AM1: מודל_1_VIS2_R5_Scenario_ID | AN1: מודל_1_VIS2_R5_קושי | AO1: מודל_1_VIS3_ויזואליזציה | AP1: מודל_1_VIS3_R1_Scenario_ID | AQ1: מודל_1_VIS3_R1_קושי | AR1: מודל_1_VIS3_R2_Scenario_ID | AS1: מודל_1_VIS3_R2_קושי | AT1: מודל_1_VIS3_R3_Scenario_ID | AU1: מודל_1_VIS3_R3_קושי | AV1: מודל_1_VIS3_R4_Scenario_ID | AW1: מודל_1_VIS3_R4_קושי | AX1: מודל_1_VIS3_R5_Scenario_ID | AY1: מודל_1_VIS3_R5_קושי | AZ1: מודל_2_סוג_מודל | BA1: מודל_2_סדר_ויזואליזציות | BB1: מודל_2_VIS1_ויזואליזציה | BC1: מודל_2_VIS1_R1_Scenario_ID | BD1: מודל_2_VIS1_R1_קושי | BE1: מודל_2_VIS1_R2_Scenario_ID | BF1: מודל_2_VIS1_R2_קושי | BG1: מודל_2_VIS1_R3_Scenario_ID | BH1: מודל_2_VIS1_R3_קושי | BI1: מודל_2_VIS1_R4_Scenario_ID | BJ1: מודל_2_VIS1_R4_קושי | BK1: מודל_2_VIS1_R5_Scenario_ID | BL1: מודל_2_VIS1_R5_קושי | BM1: מודל_2_VIS2_ויזואליזציה | BN1: מודל_2_VIS2_R1_Scenario_ID | BO1: מודל_2_VIS2_R1_קושי | BP1: מודל_2_VIS2_R2_Scenario_ID | BQ1: מודל_2_VIS2_R2_קושי | BR1: מודל_2_VIS2_R3_Scenario_ID | BS1: מודל_2_VIS2_R3_קושי | BT1: מודל_2_VIS2_R4_Scenario_ID | BU1: מודל_2_VIS2_R4_קושי | BV1: מודל_2_VIS2_R5_Scenario_ID | BW1: מודל_2_VIS2_R5_קושי | BX1: מודל_2_VIS3_ויזואליזציה | BY1: מודל_2_VIS3_R1_Scenario_ID | BZ1: מודל_2_VIS3_R1_קושי | CA1: מודל_2_VIS3_R2_Scenario_ID | CB1: מודל_2_VIS3_R2_קושי | CC1: מודל_2_VIS3_R3_Scenario_ID | CD1: מודל_2_VIS3_R3_קושי | CE1: מודל_2_VIS3_R4_Scenario_ID | CF1: מודל_2_VIS3_R4_קושי | CG1: מודל_2_VIS3_R5_Scenario_ID | CH1: מודל_2_VIS3_R5_קושי
A2: P001 | B2: אופטימלי ← תת-אופטימלי | C2: עמודות נערמות ← רדאר ← מפת חום | D2: רדאר ← מפת חום ← עמודות נערמות | E2: SCN_001_S | F2: E | G2: SCN_031_S | H2: E | I2: SCN_002_R | J2: E | K2: SCN_032_R | L2: E | M2: SCN_003_H | N2: E | O2: SCN_033_H | P2: E | Q2: OPT | R2: עמודות נערמות ← רדאר ← מפת חום | S2: עמודות נערמות | T2: SCN_028_S | U2: H | V2: SCN_030_S | W2: E | X2: SCN_026_S | Y2: H | Z2: SCN_027_S | AA2: E | AB2: SCN_024_S | AC2: H | AD2: רדאר | AE2: SCN_014_R | AF2: E | AG2: SCN_016_R | AH2: H | AI2: SCN_017_R | AJ2: E | AK2: SCN_012_R | AL2: H | AM2: SCN_025_R | AN2: E | AO2: מפת חום | AP2: SCN_007_H | AQ2: E | AR2: SCN_006_H | AS2: H | AT2: SCN_004_H | AU2: E | AV2: SCN_008_H | AW2: H | AX2: SCN_009_H | AY2: E | AZ2: SUB | BA2: רדאר ← מפת חום ← עמודות נערמות | BB2: רדאר | BC2: SCN_015_R | BD2: E | BE2: SCN_018_R | BF2: H | BG2: SCN_019_R | BH2: E | BI2: SCN_020_R | BJ2: H | BM2: מפת חום | BN2: SCN_005_H | BO2: E | BP2: SCN_013_H | BQ2: H | BR2: SCN_011_H | BS2: E | BT2: SCN_010_H | BU2: H | BX2: עמודות נערמות | BY2: SCN_023_S | BZ2: E | CA2: SCN_029_S | CB2: H | CC2: SCN_021_S | CD2: E | CE2: SCN_022_S | CF2: H
A3: P002 | B3: תת-אופטימלי ← אופטימלי | C3: מפת חום ← עמודות נערמות ← רדאר | D3: רדאר ← מפת חום ← עמודות נערמות | E3: SCN_001_S | F3: E | G3: SCN_031_S | H3: E | I3: SCN_002_R | J3: E | K3: SCN_032_R | L3: E | M3: SCN_003_H | N3: E | O3: SCN_033_H | P3: E | Q3: SUB | R3: מפת חום ← עמודות נערמות ← רדאר | S3: מפת חום | T3: SCN_005_H | U3: E | V3: SCN_010_H | W3: H | X3: SCN_011_H | Y3: E | Z3: SCN_013_H | AA3: H | AD3: עמודות נערמות | AE3: SCN_023_S | AF3: E | AG3: SCN_022_S | AH3: H | AI3: SCN_021_S | AJ3: E | AK3: SCN_029_S | AL3: H | AO3: רדאר | AP3: SCN_015_R | AQ3: E | AR3: SCN_018_R | AS3: H | AT3: SCN_019_R | AU3: E | AV3: SCN_020_R | AW3: H | AZ3: OPT | BA3: רדאר ← מפת חום ← עמודות נערמות | BB3: רדאר | BC3: SCN_025_R | BD3: E | BE3: SCN_012_R | BF3: H | BG3: SCN_014_R | BH3: E | BI3: SCN_016_R | BJ3: H | BK3: SCN_017_R | BL3: E | BM3: מפת חום | BN3: SCN_007_H | BO3: E | BP3: SCN_006_H | BQ3: H | BR3: SCN_004_H | BS3: E | BT3: SCN_008_H | BU3: H | BV3: SCN_009_H | BW3: E | BX3: עמודות נערמות | BY3: SCN_024_S | BZ3: H | CA3: SCN_027_S | CB3: E | CC3: SCN_026_S | CD3: H | CE3: SCN_030_S | CF3: E | CG3: SCN_028_S | CH3: H
A4: P003 | B4: אופטימלי ← תת-אופטימלי | C4: מפת חום ← עמודות נערמות ← רדאר | D4: עמודות נערמות ← רדאר ← מפת חום | E4: SCN_001_S | F4: E | G4: SCN_031_S | H4: E | I4: SCN_002_R | J4: E | K4: SCN_032_R | L4: E | M4: SCN_003_H | N4: E | O4: SCN_033_H | P4: E | Q4: OPT | R4: מפת חום ← עמודות נערמות ← רדאר | S4: מפת חום | T4: SCN_009_H | U4: E | V4: SCN_008_H | W4: H | X4: SCN_004_H | Y4: E | Z4: SCN_006_H | AA4: H | AB4: SCN_007_H | AC4: E | AD4: עמודות נערמות | AE4: SCN_024_S | AF4: H | AG4: SCN_027_S | AH4: E | AI4: SCN_026_S | AJ4: H | AK4: SCN_030_S | AL4: E | AM4: SCN_028_S | AN4: H | AO4: רדאר | AP4: SCN_014_R | AQ4: E | AR4: SCN_016_R | AS4: H | AT4: SCN_025_R | AU4: E | AV4: SCN_012_R | AW4: H | AX4: SCN_017_R | AY4: E | AZ4: SUB | BA4: עמודות נערמות ← רדאר ← מפת חום | BB4: עמודות נערמות | BC4: SCN_023_S | BD4: E | BE4: SCN_022_S | BF4: H | BG4: SCN_021_S | BH4: E | BI4: SCN_029_S | BJ4: H | BM4: רדאר | BN4: SCN_019_R | BO4: E | BP4: SCN_020_R | BQ4: H | BR4: SCN_015_R | BS4: E | BT4: SCN_018_R | BU4: H | BX4: מפת חום | BY4: SCN_005_H | BZ4: E | CA4: SCN_010_H | CB4: H | CC4: SCN_011_H | CD4: E | CE4: SCN_013_H | CF4: H
A5: P004 | B5: תת-אופטימלי ← אופטימלי | C5: רדאר ← מפת חום ← עמודות נערמות | D5: עמודות נערמות ← רדאר ← מפת חום | E5: SCN_001_S | F5: E | G5: SCN_031_S | H5: E | I5: SCN_002_R | J5: E | K5: SCN_032_R | L5: E | M5: SCN_003_H | N5: E | O5: SCN_033_H | P5: E | Q5: SUB | R5: רדאר ← מפת חום ← עמודות נערמות | S5: רדאר | T5: SCN_019_R | U5: E | V5: SCN_020_R | W5: H | X5: SCN_015_R | Y5: E | Z5: SCN_018_R | AA5: H | AD5: מפת חום | AE5: SCN_011_H | AF5: E | AG5: SCN_010_H | AH5: H | AI5: SCN_005_H | AJ5: E | AK5: SCN_013_H | AL5: H | AO5: עמודות נערמות | AP5: SCN_023_S | AQ5: E | AR5: SCN_022_S | AS5: H | AT5: SCN_021_S | AU5: E | AV5: SCN_029_S | AW5: H | AZ5: OPT | BA5: עמודות נערמות ← רדאר ← מפת חום | BB5: עמודות נערמות | BC5: SCN_026_S | BD5: H | BE5: SCN_030_S | BF5: E | BG5: SCN_024_S | BH5: H | BI5: SCN_027_S | BJ5: E | BK5: SCN_028_S | BL5: H | BM5: רדאר | BN5: SCN_014_R | BO5: E | BP5: SCN_012_R | BQ5: H | BR5: SCN_017_R | BS5: E | BT5: SCN_016_R | BU5: H | BV5: SCN_025_R | BW5: E | BX5: מפת חום | BY5: SCN_009_H | BZ5: E | CA5: SCN_006_H | CB5: H | CC5: SCN_004_H | CD5: E | CE5: SCN_008_H | CF5: H | CG5: SCN_007_H | CH5: E
A6: P005 | B6: אופטימלי ← תת-אופטימלי | C6: רדאר ← מפת חום ← עמודות נערמות | D6: מפת חום ← עמודות נערמות ← רדאר | E6: SCN_001_S | F6: E | G6: SCN_031_S | H6: E | I6: SCN_002_R | J6: E | K6: SCN_032_R | L6: E | M6: SCN_003_H | N6: E | O6: SCN_033_H | P6: E | Q6: OPT | R6: רדאר ← מפת חום ← עמודות נערמות | S6: רדאר | T6: SCN_017_R | U6: E | V6: SCN_016_R | W6: H | X6: SCN_025_R | Y6: E | Z6: SCN_012_R | AA6: H | AB6: SCN_014_R | AC6: E | AD6: מפת חום | AE6: SCN_007_H | AF6: E | AG6: SCN_008_H | AH6: H | AI6: SCN_009_H | AJ6: E | AK6: SCN_006_H | AL6: H | AM6: SCN_004_H | AN6: E | AO6: עמודות נערמות | AP6: SCN_024_S | AQ6: H | AR6: SCN_027_S | AS6: E | AT6: SCN_028_S | AU6: H | AV6: SCN_030_S | AW6: E | AX6: SCN_026_S | AY6: H | AZ6: SUB | BA6: מפת חום ← עמודות נערמות ← רדאר | BB6: מפת חום | BC6: SCN_005_H | BD6: E | BE6: SCN_010_H | BF6: H | BG6: SCN_011_H | BH6: E | BI6: SCN_013_H | BJ6: H | BM6: עמודות נערמות | BN6: SCN_023_S | BO6: E | BP6: SCN_029_S | BQ6: H | BR6: SCN_021_S | BS6: E | BT6: SCN_022_S | BU6: H | BX6: רדאר | BY6: SCN_015_R | BZ6: E | CA6: SCN_018_R | CB6: H | CC6: SCN_019_R | CD6: E | CE6: SCN_020_R | CF6: H
A7: P006 | B7: תת-אופטימלי ← אופטימלי | C7: עמודות נערמות ← רדאר ← מפת חום | D7: מפת חום ← עמודות נערמות ← רדאר | E7: SCN_001_S | F7: E | G7: SCN_031_S | H7: E | I7: SCN_002_R | J7: E | K7: SCN_032_R | L7: E | M7: SCN_003_H | N7: E | O7: SCN_033_H | P7: E | Q7: SUB | R7: עמודות נערמות ← רדאר ← מפת חום | S7: עמודות נערמות | T7: SCN_021_S | U7: E | V7: SCN_022_S | W7: H | X7: SCN_023_S | Y7: E | Z7: SCN_029_S | AA7: H | AD7: רדאר | AE7: SCN_019_R | AF7: E | AG7: SCN_020_R | AH7: H | AI7: SCN_015_R | AJ7: E | AK7: SCN_018_R | AL7: H | AO7: מפת חום | AP7: SCN_005_H | AQ7: E | AR7: SCN_010_H | AS7: H | AT7: SCN_011_H | AU7: E | AV7: SCN_013_H | AW7: H | AZ7: OPT | BA7: מפת חום ← עמודות נערמות ← רדאר | BB7: מפת חום | BC7: SCN_009_H | BD7: E | BE7: SCN_006_H | BF7: H | BG7: SCN_004_H | BH7: E | BI7: SCN_008_H | BJ7: H | BK7: SCN_007_H | BL7: E | BM7: עמודות נערמות | BN7: SCN_026_S | BO7: H | BP7: SCN_027_S | BQ7: E | BR7: SCN_024_S | BS7: H | BT7: SCN_030_S | BU7: E | BV7: SCN_028_S | BW7: H | BX7: רדאר | BY7: SCN_017_R | BZ7: E | CA7: SCN_016_R | CB7: H | CC7: SCN_014_R | CD7: E | CE7: SCN_012_R | CF7: H | CG7: SCN_025_R | CH7: E
A8: P007 | B8: אופטימלי ← תת-אופטימלי | C8: עמודות נערמות ← רדאר ← מפת חום | D8: רדאר ← מפת חום ← עמודות נערמות | E8: SCN_001_S | F8: E | G8: SCN_031_S | H8: E | I8: SCN_002_R | J8: E | K8: SCN_032_R | L8: E | M8: SCN_003_H | N8: E | O8: SCN_033_H | P8: E | Q8: OPT | R8: עמודות נערמות ← רדאר ← מפת חום | S8: עמודות נערמות | T8: SCN_026_S | U8: H | V8: SCN_030_S | W8: E | X8: SCN_024_S | Y8: H | Z8: SCN_027_S | AA8: E | AB8: SCN_028_S | AC8: H | AD8: רדאר | AE8: SCN_017_R | AF8: E | AG8: SCN_012_R | AH8: H | AI8: SCN_025_R | AJ8: E | AK8: SCN_016_R | AL8: H | AM8: SCN_014_R | AN8: E | AO8: מפת חום | AP8: SCN_004_H | AQ8: E | AR8: SCN_006_H | AS8: H | AT8: SCN_007_H | AU8: E | AV8: SCN_008_H | AW8: H | AX8: SCN_009_H | AY8: E | AZ8: SUB | BA8: רדאר ← מפת חום ← עמודות נערמות | BB8: רדאר | BC8: SCN_015_R | BD8: E | BE8: SCN_018_R | BF8: H | BG8: SCN_019_R | BH8: E | BI8: SCN_020_R | BJ8: H | BM8: מפת חום | BN8: SCN_005_H | BO8: E | BP8: SCN_010_H | BQ8: H | BR8: SCN_011_H | BS8: E | BT8: SCN_013_H | BU8: H | BX8: עמודות נערמות | BY8: SCN_021_S | BZ8: E | CA8: SCN_029_S | CB8: H | CC8: SCN_023_S | CD8: E | CE8: SCN_022_S | CF8: H
A9: P008 | B9: תת-אופטימלי ← אופטימלי | C9: מפת חום ← עמודות נערמות ← רדאר | D9: רדאר ← מפת חום ← עמודות נערמות | E9: SCN_001_S | F9: E | G9: SCN_031_S | H9: E | I9: SCN_002_R | J9: E | K9: SCN_032_R | L9: E | M9: SCN_003_H | N9: E | O9: SCN_033_H | P9: E | Q9: SUB | R9: מפת חום ← עמודות נערמות ← רדאר | S9: מפת חום | T9: SCN_011_H | U9: E | V9: SCN_010_H | W9: H | X9: SCN_005_H | Y9: E | Z9: SCN_013_H | AA9: H | AD9: עמודות נערמות | AE9: SCN_023_S | AF9: E | AG9: SCN_029_S | AH9: H | AI9: SCN_021_S | AJ9: E | AK9: SCN_022_S | AL9: H | AO9: רדאר | AP9: SCN_019_R | AQ9: E | AR9: SCN_018_R | AS9: H | AT9: SCN_015_R | AU9: E | AV9: SCN_020_R | AW9: H | AZ9: OPT | BA9: רדאר ← מפת חום ← עמודות נערמות | BB9: רדאר | BC9: SCN_014_R | BD9: E | BE9: SCN_012_R | BF9: H | BG9: SCN_025_R | BH9: E | BI9: SCN_016_R | BJ9: H | BK9: SCN_017_R | BL9: E | BM9: מפת חום | BN9: SCN_004_H | BO9: E | BP9: SCN_008_H | BQ9: H | BR9: SCN_009_H | BS9: E | BT9: SCN_006_H | BU9: H | BV9: SCN_007_H | BW9: E | BX9: עמודות נערמות | BY9: SCN_026_S | BZ9: H | CA9: SCN_027_S | CB9: E | CC9: SCN_024_S | CD9: H | CE9: SCN_030_S | CF9: E | CG9: SCN_028_S | CH9: H
A10: P009 | B10: אופטימלי ← תת-אופטימלי | C10: מפת חום ← עמודות נערמות ← רדאר | D10: עמודות נערמות ← רדאר ← מפת חום | E10: SCN_001_S | F10: E | G10: SCN_031_S | H10: E | I10: SCN_002_R | J10: E | K10: SCN_032_R | L10: E | M10: SCN_003_H | N10: E | O10: SCN_033_H | P10: E | Q10: OPT | R10: מפת חום ← עמודות נערמות ← רדאר | S10: מפת חום | T10: SCN_009_H | U10: E | V10: SCN_006_H | W10: H | X10: SCN_004_H | Y10: E | Z10: SCN_008_H | AA10: H | AB10: SCN_007_H | AC10: E | AD10: עמודות נערמות | AE10: SCN_026_S | AF10: H | AG10: SCN_027_S | AH10: E | AI10: SCN_028_S | AJ10: H | AK10: SCN_030_S | AL10: E | AM10: SCN_024_S | AN10: H | AO10: רדאר | AP10: SCN_014_R | AQ10: E | AR10: SCN_016_R | AS10: H | AT10: SCN_025_R | AU10: E | AV10: SCN_012_R | AW10: H | AX10: SCN_017_R | AY10: E | AZ10: SUB | BA10: עמודות נערמות ← רדאר ← מפת חום | BB10: עמודות נערמות | BC10: SCN_023_S | BD10: E | BE10: SCN_022_S | BF10: H | BG10: SCN_021_S | BH10: E | BI10: SCN_029_S | BJ10: H | BM10: רדאר | BN10: SCN_015_R | BO10: E | BP10: SCN_020_R | BQ10: H | BR10: SCN_019_R | BS10: E | BT10: SCN_018_R | BU10: H | BX10: מפת חום | BY10: SCN_011_H | BZ10: E | CA10: SCN_013_H | CB10: H | CC10: SCN_005_H | CD10: E | CE10: SCN_010_H | CF10: H
A11: P010 | B11: תת-אופטימלי ← אופטימלי | C11: רדאר ← מפת חום ← עמודות נערמות | D11: עמודות נערמות ← רדאר ← מפת חום | E11: SCN_001_S | F11: E | G11: SCN_031_S | H11: E | I11: SCN_002_R | J11: E | K11: SCN_032_R | L11: E | M11: SCN_003_H | N11: E | O11: SCN_033_H | P11: E | Q11: SUB | R11: רדאר ← מפת חום ← עמודות נערמות | S11: רדאר | T11: SCN_015_R | U11: E | V11: SCN_020_R | W11: H | X11: SCN_019_R | Y11: E | Z11: SCN_018_R | AA11: H | AD11: מפת חום | AE11: SCN_011_H | AF11: E | AG11: SCN_013_H | AH11: H | AI11: SCN_005_H | AJ11: E | AK11: SCN_010_H | AL11: H | AO11: עמודות נערמות | AP11: SCN_021_S | AQ11: E | AR11: SCN_022_S | AS11: H | AT11: SCN_023_S | AU11: E | AV11: SCN_029_S | AW11: H | AZ11: OPT | BA11: עמודות נערמות ← רדאר ← מפת חום | BB11: עמודות נערמות | BC11: SCN_028_S | BD11: H | BE11: SCN_027_S | BF11: E | BG11: SCN_026_S | BH11: H | BI11: SCN_030_S | BJ11: E | BK11: SCN_024_S | BL11: H | BM11: רדאר | BN11: SCN_014_R | BO11: E | BP11: SCN_016_R | BQ11: H | BR11: SCN_017_R | BS11: E | BT11: SCN_012_R | BU11: H | BV11: SCN_025_R | BW11: E | BX11: מפת חום | BY11: SCN_009_H | BZ11: E | CA11: SCN_008_H | CB11: H | CC11: SCN_004_H | CD11: E | CE11: SCN_006_H | CF11: H | CG11: SCN_007_H | CH11: E
A12: P011 | B12: אופטימלי ← תת-אופטימלי | C12: רדאר ← מפת חום ← עמודות נערמות | D12: מפת חום ← עמודות נערמות ← רדאר | E12: SCN_001_S | F12: E | G12: SCN_031_S | H12: E | I12: SCN_002_R | J12: E | K12: SCN_032_R | L12: E | M12: SCN_003_H | N12: E | O12: SCN_033_H | P12: E | Q12: OPT | R12: רדאר ← מפת חום ← עמודות נערמות | S12: רדאר | T12: SCN_024_R | U12: H | V12: SCN_030_R | W12: E | X12: SCN_026_R | Y12: H | Z12: SCN_027_R | AA12: E | AB12: SCN_028_R | AC12: H | AD12: מפת חום | AE12: SCN_017_H | AF12: E | AG12: SCN_016_H | AH12: H | AI12: SCN_025_H | AJ12: E | AK12: SCN_012_H | AL12: H | AM12: SCN_014_H | AN12: E | AO12: עמודות נערמות | AP12: SCN_009_S | AQ12: E | AR12: SCN_008_S | AS12: H | AT12: SCN_004_S | AU12: E | AV12: SCN_006_S | AW12: H | AX12: SCN_007_S | AY12: E | AZ12: SUB | BA12: מפת חום ← עמודות נערמות ← רדאר | BB12: מפת חום | BC12: SCN_019_H | BD12: E | BE12: SCN_020_H | BF12: H | BG12: SCN_015_H | BH12: E | BI12: SCN_018_H | BJ12: H | BM12: עמודות נערמות | BN12: SCN_011_S | BO12: E | BP12: SCN_010_S | BQ12: H | BR12: SCN_005_S | BS12: E | BT12: SCN_013_S | BU12: H | BX12: רדאר | BY12: SCN_023_R | BZ12: E | CA12: SCN_029_R | CB12: H | CC12: SCN_021_R | CD12: E | CE12: SCN_022_R | CF12: H
A13: P012 | B13: תת-אופטימלי ← אופטימלי | C13: עמודות נערמות ← רדאר ← מפת חום | D13: מפת חום ← עמודות נערמות ← רדאר | E13: SCN_001_S | F13: E | G13: SCN_031_S | H13: E | I13: SCN_002_R | J13: E | K13: SCN_032_R | L13: E | M13: SCN_003_H | N13: E | O13: SCN_033_H | P13: E | Q13: SUB | R13: עמודות נערמות ← רדאר ← מפת חום | S13: עמודות נערמות | T13: SCN_005_S | U13: E | V13: SCN_010_S | W13: H | X13: SCN_011_S | Y13: E | Z13: SCN_013_S | AA13: H | AD13: רדאר | AE13: SCN_021_R | AF13: E | AG13: SCN_022_R | AH13: H | AI13: SCN_023_R | AJ13: E | AK13: SCN_029_R | AL13: H | AO13: מפת חום | AP13: SCN_019_H | AQ13: E | AR13: SCN_020_H | AS13: H | AT13: SCN_015_H | AU13: E | AV13: SCN_018_H | AW13: H | AZ13: OPT | BA13: מפת חום ← עמודות נערמות ← רדאר | BB13: מפת חום | BC13: SCN_014_H | BD13: E | BE13: SCN_016_H | BF13: H | BG13: SCN_017_H | BH13: E | BI13: SCN_012_H | BJ13: H | BK13: SCN_025_H | BL13: E | BM13: עמודות נערמות | BN13: SCN_004_S | BO13: E | BP13: SCN_008_S | BQ13: H | BR13: SCN_009_S | BS13: E | BT13: SCN_006_S | BU13: H | BV13: SCN_007_S | BW13: E | BX13: רדאר | BY13: SCN_028_R | BZ13: H | CA13: SCN_027_R | CB13: E | CC13: SCN_026_R | CD13: H | CE13: SCN_030_R | CF13: E | CG13: SCN_024_R | CH13: H
A14: P013 | B14: אופטימלי ← תת-אופטימלי | C14: עמודות נערמות ← רדאר ← מפת חום | D14: רדאר ← מפת חום ← עמודות נערמות | E14: SCN_001_S | F14: E | G14: SCN_031_S | H14: E | I14: SCN_002_R | J14: E | K14: SCN_032_R | L14: E | M14: SCN_003_H | N14: E | O14: SCN_033_H | P14: E | Q14: OPT | R14: עמודות נערמות ← רדאר ← מפת חום | S14: עמודות נערמות | T14: SCN_009_S | U14: E | V14: SCN_006_S | W14: H | X14: SCN_007_S | Y14: E | Z14: SCN_008_S | AA14: H | AB14: SCN_004_S | AC14: E | AD14: רדאר | AE14: SCN_026_R | AF14: H | AG14: SCN_030_R | AH14: E | AI14: SCN_024_R | AJ14: H | AK14: SCN_027_R | AL14: E | AM14: SCN_028_R | AN14: H | AO14: מפת חום | AP14: SCN_017_H | AQ14: E | AR14: SCN_016_H | AS14: H | AT14: SCN_014_H | AU14: E | AV14: SCN_012_H | AW14: H | AX14: SCN_025_H | AY14: E | AZ14: SUB | BA14: רדאר ← מפת חום ← עמודות נערמות | BB14: רדאר | BC14: SCN_021_R | BD14: E | BE14: SCN_022_R | BF14: H | BG14: SCN_023_R | BH14: E | BI14: SCN_029_R | BJ14: H | BM14: מפת חום | BN14: SCN_019_H | BO14: E | BP14: SCN_018_H | BQ14: H | BR14: SCN_015_H | BS14: E | BT14: SCN_020_H | BU14: H | BX14: עמודות נערמות | BY14: SCN_005_S | BZ14: E | CA14: SCN_013_S | CB14: H | CC14: SCN_011_S | CD14: E | CE14: SCN_010_S | CF14: H
A15: P014 | B15: תת-אופטימלי ← אופטימלי | C15: מפת חום ← עמודות נערמות ← רדאר | D15: רדאר ← מפת חום ← עמודות נערמות | E15: SCN_001_S | F15: E | G15: SCN_031_S | H15: E | I15: SCN_002_R | J15: E | K15: SCN_032_R | L15: E | M15: SCN_003_H | N15: E | O15: SCN_033_H | P15: E | Q15: SUB | R15: מפת חום ← עמודות נערמות ← רדאר | S15: מפת חום | T15: SCN_019_H | U15: E | V15: SCN_020_H | W15: H | X15: SCN_015_H | Y15: E | Z15: SCN_018_H | AA15: H | AD15: עמודות נערמות | AE15: SCN_011_S | AF15: E | AG15: SCN_010_S | AH15: H | AI15: SCN_005_S | AJ15: E | AK15: SCN_013_S | AL15: H | AO15: רדאר | AP15: SCN_021_R | AQ15: E | AR15: SCN_029_R | AS15: H | AT15: SCN_023_R | AU15: E | AV15: SCN_022_R | AW15: H | AZ15: OPT | BA15: רדאר ← מפת חום ← עמודות נערמות | BB15: רדאר | BC15: SCN_028_R | BD15: H | BE15: SCN_030_R | BF15: E | BG15: SCN_026_R | BH15: H | BI15: SCN_027_R | BJ15: E | BK15: SCN_024_R | BL15: H | BM15: מפת חום | BN15: SCN_025_H | BO15: E | BP15: SCN_012_H | BQ15: H | BR15: SCN_014_H | BS15: E | BT15: SCN_016_H | BU15: H | BV15: SCN_017_H | BW15: E | BX15: עמודות נערמות | BY15: SCN_007_S | BZ15: E | CA15: SCN_006_S | CB15: H | CC15: SCN_004_S | CD15: E | CE15: SCN_008_S | CF15: H | CG15: SCN_009_S | CH15: E
A16: P015 | B16: אופטימלי ← תת-אופטימלי | C16: מפת חום ← עמודות נערמות ← רדאר | D16: עמודות נערמות ← רדאר ← מפת חום | E16: SCN_001_S | F16: E | G16: SCN_031_S | H16: E | I16: SCN_002_R | J16: E | K16: SCN_032_R | L16: E | M16: SCN_003_H | N16: E | O16: SCN_033_H | P16: E | Q16: OPT | R16: מפת חום ← עמודות נערמות ← רדאר | S16: מפת חום | T16: SCN_025_H | U16: E | V16: SCN_016_H | W16: H | X16: SCN_017_H | Y16: E | Z16: SCN_012_H | AA16: H | AB16: SCN_014_H | AC16: E | AD16: עמודות נערמות | AE16: SCN_004_S | AF16: E | AG16: SCN_006_S | AH16: H | AI16: SCN_009_S | AJ16: E | AK16: SCN_008_S | AL16: H | AM16: SCN_007_S | AN16: E | AO16: רדאר | AP16: SCN_024_R | AQ16: H | AR16: SCN_030_R | AS16: E | AT16: SCN_028_R | AU16: H | AV16: SCN_027_R | AW16: E | AX16: SCN_026_R | AY16: H | AZ16: SUB | BA16: עמודות נערמות ← רדאר ← מפת חום | BB16: עמודות נערמות | BC16: SCN_005_S | BD16: E | BE16: SCN_010_S | BF16: H | BG16: SCN_011_S | BH16: E | BI16: SCN_013_S | BJ16: H | BM16: רדאר | BN16: SCN_021_R | BO16: E | BP16: SCN_029_R | BQ16: H | BR16: SCN_023_R | BS16: E | BT16: SCN_022_R | BU16: H | BX16: מפת חום | BY16: SCN_019_H | BZ16: E | CA16: SCN_020_H | CB16: H | CC16: SCN_015_H | CD16: E | CE16: SCN_018_H | CF16: H
A17: P016 | B17: תת-אופטימלי ← אופטימלי | C17: רדאר ← מפת חום ← עמודות נערמות | D17: עמודות נערמות ← רדאר ← מפת חום | E17: SCN_001_S | F17: E | G17: SCN_031_S | H17: E | I17: SCN_002_R | J17: E | K17: SCN_032_R | L17: E | M17: SCN_003_H | N17: E | O17: SCN_033_H | P17: E | Q17: SUB | R17: רדאר ← מפת חום ← עמודות נערמות | S17: רדאר | T17: SCN_021_R | U17: E | V17: SCN_029_R | W17: H | X17: SCN_023_R | Y17: E | Z17: SCN_022_R | AA17: H | AD17: מפת חום | AE17: SCN_019_H | AF17: E | AG17: SCN_020_H | AH17: H | AI17: SCN_015_H | AJ17: E | AK17: SCN_018_H | AL17: H | AO17: עמודות נערמות | AP17: SCN_011_S | AQ17: E | AR17: SCN_010_S | AS17: H | AT17: SCN_005_S | AU17: E | AV17: SCN_013_S | AW17: H | AZ17: OPT | BA17: עמודות נערמות ← רדאר ← מפת חום | BB17: עמודות נערמות | BC17: SCN_009_S | BD17: E | BE17: SCN_008_S | BF17: H | BG17: SCN_004_S | BH17: E | BI17: SCN_006_S | BJ17: H | BK17: SCN_007_S | BL17: E | BM17: רדאר | BN17: SCN_028_R | BO17: H | BP17: SCN_027_R | BQ17: E | BR17: SCN_024_R | BS17: H | BT17: SCN_030_R | BU17: E | BV17: SCN_026_R | BW17: H | BX17: מפת חום | BY17: SCN_025_H | BZ17: E | CA17: SCN_016_H | CB17: H | CC17: SCN_017_H | CD17: E | CE17: SCN_012_H | CF17: H | CG17: SCN_014_H | CH17: E
A18: P017 | B18: אופטימלי ← תת-אופטימלי | C18: רדאר ← מפת חום ← עמודות נערמות | D18: מפת חום ← עמודות נערמות ← רדאר | E18: SCN_001_S | F18: E | G18: SCN_031_S | H18: E | I18: SCN_002_R | J18: E | K18: SCN_032_R | L18: E | M18: SCN_003_H | N18: E | O18: SCN_033_H | P18: E | Q18: OPT | R18: רדאר ← מפת חום ← עמודות נערמות | S18: רדאר | T18: SCN_028_R | U18: H | V18: SCN_030_R | W18: E | X18: SCN_026_R | Y18: H | Z18: SCN_027_R | AA18: E | AB18: SCN_024_R | AC18: H | AD18: מפת חום | AE18: SCN_025_H | AF18: E | AG18: SCN_012_H | AH18: H | AI18: SCN_014_H | AJ18: E | AK18: SCN_016_H | AL18: H | AM18: SCN_017_H | AN18: E | AO18: עמודות נערמות | AP18: SCN_004_S | AQ18: E | AR18: SCN_006_S | AS18: H | AT18: SCN_007_S | AU18: E | AV18: SCN_008_S | AW18: H | AX18: SCN_009_S | AY18: E | AZ18: SUB | BA18: מפת חום ← עמודות נערמות ← רדאר | BB18: מפת חום | BC18: SCN_019_H | BD18: E | BE18: SCN_020_H | BF18: H | BG18: SCN_015_H | BH18: E | BI18: SCN_018_H | BJ18: H | BM18: עמודות נערמות | BN18: SCN_011_S | BO18: E | BP18: SCN_010_S | BQ18: H | BR18: SCN_005_S | BS18: E | BT18: SCN_013_S | BU18: H | BX18: רדאר | BY18: SCN_021_R | BZ18: E | CA18: SCN_029_R | CB18: H | CC18: SCN_023_R | CD18: E | CE18: SCN_022_R | CF18: H
A19: P018 | B19: תת-אופטימלי ← אופטימלי | C19: עמודות נערמות ← רדאר ← מפת חום | D19: מפת חום ← עמודות נערמות ← רדאר | E19: SCN_001_S | F19: E | G19: SCN_031_S | H19: E | I19: SCN_002_R | J19: E | K19: SCN_032_R | L19: E | M19: SCN_003_H | N19: E | O19: SCN_033_H | P19: E | Q19: SUB | R19: עמודות נערמות ← רדאר ← מפת חום | S19: עמודות נערמות | T19: SCN_011_S | U19: E | V19: SCN_013_S | W19: H | X19: SCN_005_S | Y19: E | Z19: SCN_010_S | AA19: H | AD19: רדאר | AE19: SCN_023_R | AF19: E | AG19: SCN_022_R | AH19: H | AI19: SCN_021_R | AJ19: E | AK19: SCN_029_R | AL19: H | AO19: מפת חום | AP19: SCN_015_H | AQ19: E | AR19: SCN_018_H | AS19: H | AT19: SCN_019_H | AU19: E | AV19: SCN_020_H | AW19: H | AZ19: OPT | BA19: מפת חום ← עמודות נערמות ← רדאר | BB19: מפת חום | BC19: SCN_014_H | BD19: E | BE19: SCN_012_H | BF19: H | BG19: SCN_025_H | BH19: E | BI19: SCN_016_H | BJ19: H | BK19: SCN_017_H | BL19: E | BM19: עמודות נערמות | BN19: SCN_004_S | BO19: E | BP19: SCN_008_S | BQ19: H | BR19: SCN_009_S | BS19: E | BT19: SCN_006_S | BU19: H | BV19: SCN_007_S | BW19: E | BX19: רדאר | BY19: SCN_028_R | BZ19: H | CA19: SCN_030_R | CB19: E | CC19: SCN_024_R | CD19: H | CE19: SCN_027_R | CF19: E | CG19: SCN_026_R | CH19: H
A20: P019 | B20: אופטימלי ← תת-אופטימלי | C20: עמודות נערמות ← רדאר ← מפת חום | D20: רדאר ← מפת חום ← עמודות נערמות | E20: SCN_001_S | F20: E | G20: SCN_031_S | H20: E | I20: SCN_002_R | J20: E | K20: SCN_032_R | L20: E | M20: SCN_003_H | N20: E | O20: SCN_033_H | P20: E | Q20: OPT | R20: עמודות נערמות ← רדאר ← מפת חום | S20: עמודות נערמות | T20: SCN_009_S | U20: E | V20: SCN_006_S | W20: H | X20: SCN_007_S | Y20: E | Z20: SCN_008_S | AA20: H | AB20: SCN_004_S | AC20: E | AD20: רדאר | AE20: SCN_028_R | AF20: H | AG20: SCN_027_R | AH20: E | AI20: SCN_024_R | AJ20: H | AK20: SCN_030_R | AL20: E | AM20: SCN_026_R | AN20: H | AO20: מפת חום | AP20: SCN_017_H | AQ20: E | AR20: SCN_012_H | AS20: H | AT20: SCN_014_H | AU20: E | AV20: SCN_016_H | AW20: H | AX20: SCN_025_H | AY20: E | AZ20: SUB | BA20: רדאר ← מפת חום ← עמודות נערמות | BB20: רדאר | BC20: SCN_021_R | BD20: E | BE20: SCN_022_R | BF20: H | BG20: SCN_023_R | BH20: E | BI20: SCN_029_R | BJ20: H | BM20: מפת חום | BN20: SCN_019_H | BO20: E | BP20: SCN_020_H | BQ20: H | BR20: SCN_015_H | BS20: E | BT20: SCN_018_H | BU20: H | BX20: עמודות נערמות | BY20: SCN_011_S | BZ20: E | CA20: SCN_010_S | CB20: H | CC20: SCN_005_S | CD20: E | CE20: SCN_013_S | CF20: H
A21: P020 | B21: תת-אופטימלי ← אופטימלי | C21: מפת חום ← עמודות נערמות ← רדאר | D21: רדאר ← מפת חום ← עמודות נערמות | E21: SCN_001_S | F21: E | G21: SCN_031_S | H21: E | I21: SCN_002_R | J21: E | K21: SCN_032_R | L21: E | M21: SCN_003_H | N21: E | O21: SCN_033_H | P21: E | Q21: SUB | R21: מפת חום ← עמודות נערמות ← רדאר | S21: מפת חום | T21: SCN_019_H | U21: E | V21: SCN_018_H | W21: H | X21: SCN_015_H | Y21: E | Z21: SCN_020_H | AA21: H | AD21: עמודות נערמות | AE21: SCN_005_S | AF21: E | AG21: SCN_010_S | AH21: H | AI21: SCN_011_S | AJ21: E | AK21: SCN_013_S | AL21: H | AO21: רדאר | AP21: SCN_023_R | AQ21: E | AR21: SCN_022_R | AS21: H | AT21: SCN_021_R | AU21: E | AV21: SCN_029_R | AW21: H | AZ21: OPT | BA21: רדאר ← מפת חום ← עמודות נערמות | BB21: רדאר | BC21: SCN_024_R | BD21: H | BE21: SCN_027_R | BF21: E | BG21: SCN_026_R | BH21: H | BI21: SCN_030_R | BJ21: E | BK21: SCN_028_R | BL21: H | BM21: מפת חום | BN21: SCN_017_H | BO21: E | BP21: SCN_016_H | BQ21: H | BR21: SCN_025_H | BS21: E | BT21: SCN_012_H | BU21: H | BV21: SCN_014_H | BW21: E | BX21: עמודות נערמות | BY21: SCN_004_S | BZ21: E | CA21: SCN_008_S | CB21: H | CC21: SCN_007_S | CD21: E | CE21: SCN_006_S | CF21: H | CG21: SCN_009_S | CH21: E
A22: P021 | B22: אופטימלי ← תת-אופטימלי | C22: מפת חום ← עמודות נערמות ← רדאר | D22: עמודות נערמות ← רדאר ← מפת חום | E22: SCN_001_S | F22: E | G22: SCN_031_S | H22: E | I22: SCN_002_R | J22: E | K22: SCN_032_R | L22: E | M22: SCN_003_H | N22: E | O22: SCN_033_H | P22: E | Q22: OPT | R22: מפת חום ← עמודות נערמות ← רדאר | S22: מפת חום | T22: SCN_024_H | U22: H | V22: SCN_030_H | W22: E | X22: SCN_028_H | Y22: H | Z22: SCN_027_H | AA22: E | AB22: SCN_026_H | AC22: H | AD22: עמודות נערמות | AE22: SCN_025_S | AF22: E | AG22: SCN_016_S | AH22: H | AI22: SCN_014_S | AJ22: E | AK22: SCN_012_S | AL22: H | AM22: SCN_017_S | AN22: E | AO22: רדאר | AP22: SCN_009_R | AQ22: E | AR22: SCN_006_R | AS22: H | AT22: SCN_004_R | AU22: E | AV22: SCN_008_R | AW22: H | AX22: SCN_007_R | AY22: E | AZ22: SUB | BA22: עמודות נערמות ← רדאר ← מפת חום | BB22: עמודות נערמות | BC22: SCN_015_S | BD22: E | BE22: SCN_020_S | BF22: H | BG22: SCN_019_S | BH22: E | BI22: SCN_018_S | BJ22: H | BM22: רדאר | BN22: SCN_011_R | BO22: E | BP22: SCN_010_R | BQ22: H | BR22: SCN_005_R | BS22: E | BT22: SCN_013_R | BU22: H | BX22: מפת חום | BY22: SCN_023_H | BZ22: E | CA22: SCN_022_H | CB22: H | CC22: SCN_021_H | CD22: E | CE22: SCN_029_H | CF22: H
A23: P022 | B23: תת-אופטימלי ← אופטימלי | C23: רדאר ← מפת חום ← עמודות נערמות | D23: עמודות נערמות ← רדאר ← מפת חום | E23: SCN_001_S | F23: E | G23: SCN_031_S | H23: E | I23: SCN_002_R | J23: E | K23: SCN_032_R | L23: E | M23: SCN_003_H | N23: E | O23: SCN_033_H | P23: E | Q23: SUB | R23: רדאר ← מפת חום ← עמודות נערמות | S23: רדאר | T23: SCN_005_R | U23: E | V23: SCN_013_R | W23: H | X23: SCN_011_R | Y23: E | Z23: SCN_010_R | AA23: H | AD23: מפת חום | AE23: SCN_021_H | AF23: E | AG23: SCN_029_H | AH23: H | AI23: SCN_023_H | AJ23: E | AK23: SCN_022_H | AL23: H | AO23: עמודות נערמות | AP23: SCN_015_S | AQ23: E | AR23: SCN_020_S | AS23: H | AT23: SCN_019_S | AU23: E | AV23: SCN_018_S | AW23: H | AZ23: OPT | BA23: עמודות נערמות ← רדאר ← מפת חום | BB23: עמודות נערמות | BC23: SCN_017_S | BD23: E | BE23: SCN_012_S | BF23: H | BG23: SCN_025_S | BH23: E | BI23: SCN_016_S | BJ23: H | BK23: SCN_014_S | BL23: E | BM23: רדאר | BN23: SCN_007_R | BO23: E | BP23: SCN_008_R | BQ23: H | BR23: SCN_009_R | BS23: E | BT23: SCN_006_R | BU23: H | BV23: SCN_004_R | BW23: E | BX23: מפת חום | BY23: SCN_028_H | BZ23: H | CA23: SCN_030_H | CB23: E | CC23: SCN_026_H | CD23: H | CE23: SCN_027_H | CF23: E | CG23: SCN_024_H | CH23: H
A24: P023 | B24: אופטימלי ← תת-אופטימלי | C24: רדאר ← מפת חום ← עמודות נערמות | D24: מפת חום ← עמודות נערמות ← רדאר | E24: SCN_001_S | F24: E | G24: SCN_031_S | H24: E | I24: SCN_002_R | J24: E | K24: SCN_032_R | L24: E | M24: SCN_003_H | N24: E | O24: SCN_033_H | P24: E | Q24: OPT | R24: רדאר ← מפת חום ← עמודות נערמות | S24: רדאר | T24: SCN_004_R | U24: E | V24: SCN_008_R | W24: H | X24: SCN_007_R | Y24: E | Z24: SCN_006_R | AA24: H | AB24: SCN_009_R | AC24: E | AD24: מפת חום | AE24: SCN_028_H | AF24: H | AG24: SCN_027_H | AH24: E | AI24: SCN_026_H | AJ24: H | AK24: SCN_030_H | AL24: E | AM24: SCN_024_H | AN24: H | AO24: עמודות נערמות | AP24: SCN_025_S | AQ24: E | AR24: SCN_016_S | AS24: H | AT24: SCN_014_S | AU24: E | AV24: SCN_012_S | AW24: H | AX24: SCN_017_S | AY24: E | AZ24: SUB | BA24: מפת חום ← עמודות נערמות ← רדאר | BB24: מפת חום | BC24: SCN_023_H | BD24: E | BE24: SCN_029_H | BF24: H | BG24: SCN_021_H | BH24: E | BI24: SCN_022_H | BJ24: H | BM24: עמודות נערמות | BN24: SCN_019_S | BO24: E | BP24: SCN_018_S | BQ24: H | BR24: SCN_015_S | BS24: E | BT24: SCN_020_S | BU24: H | BX24: רדאר | BY24: SCN_005_R | BZ24: E | CA24: SCN_013_R | CB24: H | CC24: SCN_011_R | CD24: E | CE24: SCN_010_R | CF24: H
A25: P024 | B25: תת-אופטימלי ← אופטימלי | C25: עמודות נערמות ← רדאר ← מפת חום | D25: מפת חום ← עמודות נערמות ← רדאר | E25: SCN_001_S | F25: E | G25: SCN_031_S | H25: E | I25: SCN_002_R | J25: E | K25: SCN_032_R | L25: E | M25: SCN_003_H | N25: E | O25: SCN_033_H | P25: E | Q25: SUB | R25: עמודות נערמות ← רדאר ← מפת חום | S25: עמודות נערמות | T25: SCN_015_S | U25: E | V25: SCN_020_S | W25: H | X25: SCN_019_S | Y25: E | Z25: SCN_018_S | AA25: H | AD25: רדאר | AE25: SCN_005_R | AF25: E | AG25: SCN_010_R | AH25: H | AI25: SCN_011_R | AJ25: E | AK25: SCN_013_R | AL25: H | AO25: מפת חום | AP25: SCN_023_H | AQ25: E | AR25: SCN_022_H | AS25: H | AT25: SCN_021_H | AU25: E | AV25: SCN_029_H | AW25: H | AZ25: OPT | BA25: מפת חום ← עמודות נערמות ← רדאר | BB25: מפת חום | BC25: SCN_026_H | BD25: H | BE25: SCN_027_H | BF25: E | BG25: SCN_024_H | BH25: H | BI25: SCN_030_H | BJ25: E | BK25: SCN_028_H | BL25: H | BM25: עמודות נערמות | BN25: SCN_025_S | BO25: E | BP25: SCN_012_S | BQ25: H | BR25: SCN_014_S | BS25: E | BT25: SCN_016_S | BU25: H | BV25: SCN_017_S | BW25: E | BX25: רדאר | BY25: SCN_004_R | BZ25: E | CA25: SCN_008_R | CB25: H | CC25: SCN_009_R | CD25: E | CE25: SCN_006_R | CF25: H | CG25: SCN_007_R | CH25: E
A26: P025 | B26: אופטימלי ← תת-אופטימלי | C26: עמודות נערמות ← רדאר ← מפת חום | D26: רדאר ← מפת חום ← עמודות נערמות | E26: SCN_001_S | F26: E | G26: SCN_031_S | H26: E | I26: SCN_002_R | J26: E | K26: SCN_032_R | L26: E | M26: SCN_003_H | N26: E | O26: SCN_033_H | P26: E | Q26: OPT | R26: עמודות נערמות ← רדאר ← מפת חום | S26: עמודות נערמות | T26: SCN_025_S | U26: E | V26: SCN_016_S | W26: H | X26: SCN_014_S | Y26: E | Z26: SCN_012_S | AA26: H | AB26: SCN_017_S | AC26: E | AD26: רדאר | AE26: SCN_009_R | AF26: E | AG26: SCN_006_R | AH26: H | AI26: SCN_007_R | AJ26: E | AK26: SCN_008_R | AL26: H | AM26: SCN_004_R | AN26: E | AO26: מפת חום | AP26: SCN_028_H | AQ26: H | AR26: SCN_030_H | AS26: E | AT26: SCN_026_H | AU26: H | AV26: SCN_027_H | AW26: E | AX26: SCN_024_H | AY26: H | AZ26: SUB | BA26: רדאר ← מפת חום ← עמודות נערמות | BB26: רדאר | BC26: SCN_005_R | BD26: E | BE26: SCN_013_R | BF26: H | BG26: SCN_011_R | BH26: E | BI26: SCN_010_R | BJ26: H | BM26: מפת חום | BN26: SCN_021_H | BO26: E | BP26: SCN_022_H | BQ26: H | BR26: SCN_023_H | BS26: E | BT26: SCN_029_H | BU26: H | BX26: עמודות נערמות | BY26: SCN_015_S | BZ26: E | CA26: SCN_020_S | CB26: H | CC26: SCN_019_S | CD26: E | CE26: SCN_018_S | CF26: H
A27: P026 | B27: תת-אופטימלי ← אופטימלי | C27: מפת חום ← עמודות נערמות ← רדאר | D27: רדאר ← מפת חום ← עמודות נערמות | E27: SCN_001_S | F27: E | G27: SCN_031_S | H27: E | I27: SCN_002_R | J27: E | K27: SCN_032_R | L27: E | M27: SCN_003_H | N27: E | O27: SCN_033_H | P27: E | Q27: SUB | R27: מפת חום ← עמודות נערמות ← רדאר | S27: מפת חום | T27: SCN_021_H | U27: E | V27: SCN_029_H | W27: H | X27: SCN_023_H | Y27: E | Z27: SCN_022_H | AA27: H | AD27: עמודות נערמות | AE27: SCN_019_S | AF27: E | AG27: SCN_020_S | AH27: H | AI27: SCN_015_S | AJ27: E | AK27: SCN_018_S | AL27: H | AO27: רדאר | AP27: SCN_011_R | AQ27: E | AR27: SCN_013_R | AS27: H | AT27: SCN_005_R | AU27: E | AV27: SCN_010_R | AW27: H | AZ27: OPT | BA27: רדאר ← מפת חום ← עמודות נערמות | BB27: רדאר | BC27: SCN_009_R | BD27: E | BE27: SCN_008_R | BF27: H | BG27: SCN_004_R | BH27: E | BI27: SCN_006_R | BJ27: H | BK27: SCN_007_R | BL27: E | BM27: מפת חום | BN27: SCN_024_H | BO27: H | BP27: SCN_027_H | BQ27: E | BR27: SCN_028_H | BS27: H | BT27: SCN_030_H | BU27: E | BV27: SCN_026_H | BW27: H | BX27: עמודות נערמות | BY27: SCN_014_S | BZ27: E | CA27: SCN_016_S | CB27: H | CC27: SCN_025_S | CD27: E | CE27: SCN_012_S | CF27: H | CG27: SCN_017_S | CH27: E
A28: P027 | B28: אופטימלי ← תת-אופטימלי | C28: מפת חום ← עמודות נערמות ← רדאר | D28: עמודות נערמות ← רדאר ← מפת חום | E28: SCN_001_S | F28: E | G28: SCN_031_S | H28: E | I28: SCN_002_R | J28: E | K28: SCN_032_R | L28: E | M28: SCN_003_H | N28: E | O28: SCN_033_H | P28: E | Q28: OPT | R28: מפת חום ← עמודות נערמות ← רדאר | S28: מפת חום | T28: SCN_026_H | U28: H | V28: SCN_030_H | W28: E | X28: SCN_028_H | Y28: H | Z28: SCN_027_H | AA28: E | AB28: SCN_024_H | AC28: H | AD28: עמודות נערמות | AE28: SCN_014_S | AF28: E | AG28: SCN_012_S | AH28: H | AI28: SCN_025_S | AJ28: E | AK28: SCN_016_S | AL28: H | AM28: SCN_017_S | AN28: E | AO28: רדאר | AP28: SCN_007_R | AQ28: E | AR28: SCN_008_R | AS28: H | AT28: SCN_009_R | AU28: E | AV28: SCN_006_R | AW28: H | AX28: SCN_004_R | AY28: E | AZ28: SUB | BA28: עמודות נערמות ← רדאר ← מפת חום | BB28: עמודות נערמות | BC28: SCN_019_S | BD28: E | BE28: SCN_020_S | BF28: H | BG28: SCN_015_S | BH28: E | BI28: SCN_018_S | BJ28: H | BM28: רדאר | BN28: SCN_011_R | BO28: E | BP28: SCN_010_R | BQ28: H | BR28: SCN_005_R | BS28: E | BT28: SCN_013_R | BU28: H | BX28: מפת חום | BY28: SCN_021_H | BZ28: E | CA28: SCN_029_H | CB28: H | CC28: SCN_023_H | CD28: E | CE28: SCN_022_H | CF28: H
A29: P028 | B29: תת-אופטימלי ← אופטימלי | C29: רדאר ← מפת חום ← עמודות נערמות | D29: עמודות נערמות ← רדאר ← מפת חום | E29: SCN_001_S | F29: E | G29: SCN_031_S | H29: E | I29: SCN_002_R | J29: E | K29: SCN_032_R | L29: E | M29: SCN_003_H | N29: E | O29: SCN_033_H | P29: E | Q29: SUB | R29: רדאר ← מפת חום ← עמודות נערמות | S29: רדאר | T29: SCN_005_R | U29: E | V29: SCN_013_R | W29: H | X29: SCN_011_R | Y29: E | Z29: SCN_010_R | AA29: H | AD29: מפת חום | AE29: SCN_021_H | AF29: E | AG29: SCN_029_H | AH29: H | AI29: SCN_023_H | AJ29: E | AK29: SCN_022_H | AL29: H | AO29: עמודות נערמות | AP29: SCN_019_S | AQ29: E | AR29: SCN_018_S | AS29: H | AT29: SCN_015_S | AU29: E | AV29: SCN_020_S | AW29: H | AZ29: OPT | BA29: עמודות נערמות ← רדאר ← מפת חום | BB29: עמודות נערמות | BC29: SCN_017_S | BD29: E | BE29: SCN_012_S | BF29: H | BG29: SCN_025_S | BH29: E | BI29: SCN_016_S | BJ29: H | BK29: SCN_014_S | BL29: E | BM29: רדאר | BN29: SCN_004_R | BO29: E | BP29: SCN_006_R | BQ29: H | BR29: SCN_007_R | BS29: E | BT29: SCN_008_R | BU29: H | BV29: SCN_009_R | BW29: E | BX29: מפת חום | BY29: SCN_026_H | BZ29: H | CA29: SCN_030_H | CB29: E | CC29: SCN_028_H | CD29: H | CE29: SCN_027_H | CF29: E | CG29: SCN_024_H | CH29: H
A30: P029 | B30: אופטימלי ← תת-אופטימלי | C30: רדאר ← מפת חום ← עמודות נערמות | D30: מפת חום ← עמודות נערמות ← רדאר | E30: SCN_001_S | F30: E | G30: SCN_031_S | H30: E | I30: SCN_002_R | J30: E | K30: SCN_032_R | L30: E | M30: SCN_003_H | N30: E | O30: SCN_033_H | P30: E | Q30: OPT | R30: רדאר ← מפת חום ← עמודות נערמות | S30: רדאר | T30: SCN_004_R | U30: E | V30: SCN_006_R | W30: H | X30: SCN_009_R | Y30: E | Z30: SCN_008_R | AA30: H | AB30: SCN_007_R | AC30: E | AD30: מפת חום | AE30: SCN_028_H | AF30: H | AG30: SCN_030_H | AH30: E | AI30: SCN_024_H | AJ30: H | AK30: SCN_027_H | AL30: E | AM30: SCN_026_H | AN30: H | AO30: עמודות נערמות | AP30: SCN_017_S | AQ30: E | AR30: SCN_012_S | AS30: H | AT30: SCN_025_S | AU30: E | AV30: SCN_016_S | AW30: H | AX30: SCN_014_S | AY30: E | AZ30: SUB | BA30: מפת חום ← עמודות נערמות ← רדאר | BB30: מפת חום | BC30: SCN_021_H | BD30: E | BE30: SCN_029_H | BF30: H | BG30: SCN_023_H | BH30: E | BI30: SCN_022_H | BJ30: H | BM30: עמודות נערמות | BN30: SCN_019_S | BO30: E | BP30: SCN_020_S | BQ30: H | BR30: SCN_015_S | BS30: E | BT30: SCN_018_S | BU30: H | BX30: רדאר | BY30: SCN_005_R | BZ30: E | CA30: SCN_010_R | CB30: H | CC30: SCN_011_R | CD30: E | CE30: SCN_013_R | CF30: H
A31: P030 | B31: תת-אופטימלי ← אופטימלי | C31: עמודות נערמות ← רדאר ← מפת חום | D31: מפת חום ← עמודות נערמות ← רדאר | E31: SCN_001_S | F31: E | G31: SCN_031_S | H31: E | I31: SCN_002_R | J31: E | K31: SCN_032_R | L31: E | M31: SCN_003_H | N31: E | O31: SCN_033_H | P31: E | Q31: SUB | R31: עמודות נערמות ← רדאר ← מפת חום | S31: עמודות נערמות | T31: SCN_015_S | U31: E | V31: SCN_020_S | W31: H | X31: SCN_019_S | Y31: E | Z31: SCN_018_S | AA31: H | AD31: רדאר | AE31: SCN_011_R | AF31: E | AG31: SCN_013_R | AH31: H | AI31: SCN_005_R | AJ31: E | AK31: SCN_010_R | AL31: H | AO31: מפת חום | AP31: SCN_021_H | AQ31: E | AR31: SCN_022_H | AS31: H | AT31: SCN_023_H | AU31: E | AV31: SCN_029_H | AW31: H | AZ31: OPT | BA31: מפת חום ← עמודות נערמות ← רדאר | BB31: מפת חום | BC31: SCN_026_H | BD31: H | BE31: SCN_027_H | BF31: E | BG31: SCN_028_H | BH31: H | BI31: SCN_030_H | BJ31: E | BK31: SCN_024_H | BL31: H | BM31: עמודות נערמות | BN31: SCN_014_S | BO31: E | BP31: SCN_012_S | BQ31: H | BR31: SCN_017_S | BS31: E | BT31: SCN_016_S | BU31: H | BV31: SCN_025_S | BW31: E | BX31: רדאר | BY31: SCN_007_R | BZ31: E | CA31: SCN_008_R | CB31: H | CC31: SCN_009_R | CD31: E | CE31: SCN_006_R | CF31: H | CG31: SCN_004_R | CH31: E

Sheet קטלוג תרחישים
A1: SCN_ID | B1: יישוב | C1: Scenario_ID_H | D1: Scenario_ID_R | E1: Scenario_ID_S | F1: TRAFFIC | G1: TOLL | H1: COMM | I1: Route_Direction | J1: Practice | K1: Base_Difficulty | L1: CORRECT_ROUTE | M1: REC_INACCURATE | N1: Q1 | O1: O1 | P1: A1 | Q1: Q2 | R1: O2 | S1: A2 | T1: Q3 | U1: O3 | V1: A3 | W1: TASK_TEXT | X1: Priority | Y1: SEG | Z1: SEG_PRIORITY | AA1: REQUIREMENTS | AB1: Status | AN1: O1 | AO1: A1 | AP1: Q2 | AQ1: O2 | AR1: A2
A2: SCN_001 | B2: ראש העין | C2: =A2&"_H" -> SCN_001_H | D2: =A2&"_R" -> SCN_001_R | E2: =A2&"_S" -> SCN_001_S | F2: 1 | G2: 1 | H2: 1 | I2: RTL | J2: Y | K2: E | L2: א' | M2: ב' | N2: לפי הוויזואליזציה (בפאנל התחתון) איזה מסלול הציג את הציונים הגבוהים ביותר בקטגוריית קליטה? | O2: מסלול א מסלול ב מסלול ג לא יודע/ת | P2: מסלול ג | Q2: לפי הוויזואליזציה (בפאנל התחתון) איזה מסלול הציג את הציונים הגבוהים ביותר בקטגוריית חיסכון? | R2: מסלול א מסלול ב מסלול ג לא יודע/ת | S2: מסלול א | W2: במפה שלפניך מופיעים 3 מסלולים אפשריים בין נקודת המוצא ליעד. בחר ואשר את המסלול שמתעדף את הדרישות: | X2: נוף | AA2: נוף לאורך כל המקטעים במסלול. | AB2: TRUE | AE2: =IF(L2="א'",IF(RANDBETWEEN(0,1)=0,"ב'","ג'"),IF(M2="ב'",IF(RANDBETWEEN(0,1)=0,"א'","ג'"),IF(RANDBETWEEN(0,1)=0,"א'","ב'"))) -> ג' | AH2: =COUNTIF('קטלוג תרחישים'!$I$2:$I$34,"RTL") -> 16 | AI2: RTL
A3: SCN_002 | B3: שדרות | C3: =A3&"_H" -> SCN_002_H | D3: =A3&"_R" -> SCN_002_R | E3: =A3&"_S" -> SCN_002_S | F3: 2 | G3: 1 | H3: 1 | I3: LTR | J3: Y | K3: E | L3: א' | M3: ג' | N3: לפי הוויזואליזציה (בפאנל התחתון) איזה מסלול הציג את הציונים הגבוהים ביותר בקטגוריית נוף? | O3: מסלול א מסלול ב מסלול ג לא יודע/ת | P3: מסלול ג | Q3: לפי הוויזואליזציה (בפאנל התחתון) איזה מסלול הציג את הציונים הגבוהים ביותר בקטגוריית חיסכון? | R3: מסלול א מסלול ב מסלול ג לא יודע/ת | S3: מסלול ב | W3: במפה שלפניך מופיעים 3 מסלולים אפשריים בין נקודת המוצא ליעד. בחר ואשר את המסלול שמתעדף את הדרישות: | X3: קליטה | AA3: קליטה לאורך כל המקטעים במסלול. | AB3: TRUE | AE3: =IF(L3="א'",IF(RANDBETWEEN(0,1)=0,"ב'","ג'"),IF(M3="ב'",IF(RANDBETWEEN(0,1)=0,"א'","ג'"),IF(RANDBETWEEN(0,1)=0,"א'","ב'"))) -> ב' | AH3: =COUNTIF('קטלוג תרחישים'!$I$2:$I$34,"LTR") -> 17 | AI3: LTR
A4: SCN_003 | B4: רעננה | C4: =A4&"_H" -> SCN_003_H | D4: =A4&"_R" -> SCN_003_R | E4: =A4&"_S" -> SCN_003_S | F4: 3 | G4: 2 | H4: 1 | I4: LTR | J4: Y | K4: E | L4: ב' | M4: ג' | N4: לפי הוויזואליזציה (בפאנל התחתון) איזה מסלול הציג את הציונים הגבוהים ביותר בקטגוריית נוף? | O4: מסלול א מסלול ב מסלול ג לא יודע/ת | P4: מסלול ב | Q4: לפי הוויזואליזציה (בפאנל התחתון) איזה מסלול הציג את הציונים הנמוכים ביותר בקטגוריית קליטה? | R4: מסלול א מסלול ב מסלול ג לא יודע/ת | S4: מסלול א | W4: במפה שלפניך מופיעים 3 מסלולים אפשריים בין נקודת המוצא ליעד. בחר ואשר את המסלול שמתעדף את הדרישות: | X4: חיסכון | AA4: חיסכון לאורך כל המקטעים במסלול. | AB4: TRUE | AE4: =IF(L4="א'",IF(RANDBETWEEN(0,1)=0,"ב'","ג'"),IF(M4="ב'",IF(RANDBETWEEN(0,1)=0,"א'","ג'"),IF(RANDBETWEEN(0,1)=0,"א'","ב'"))) -> ב'
A5: SCN_004 | B5: רמלה | C5: =A5&"_H" -> SCN_004_H | D5: =A5&"_R" -> SCN_004_R | E5: =A5&"_S" -> SCN_004_S | F5: 2 | G5: 2 | H5: 2 | I5: RTL | J5: N | K5: E | L5: ג' | M5: ב' | N5: לפי הוויזואליזציה (בפאנל התחתון) איזה מסלול הציג את הציונים הנמוכים ביותר בקטגוריית חיסכון? | O5: מסלול א מסלול ב מסלול ג לא יודע/ת | P5: מסלול א, מסלול ב | Q5: לפי הוויזואליזציה (בפאנל התחתון) איזה מסלול הציג את הציונים הנמוכים ביותר בקטגוריית קליטה? | R5: מסלול א מסלול ב מסלול ג לא יודע/ת | S5: מסלול א | W5: במפה שלפניך מופיעים 3 מסלולים אפשריים בין נקודת המוצא ליעד. בחר ואשר את המסלול שמתעדף את הדרישות: | X5: קליטה | AA5: קליטה לאורך כל המקטעים במסלול. | AB5: TRUE | AE5: =IF(L5="א'",IF(RANDBETWEEN(0,1)=0,"ב'","ג'"),IF(M5="ב'",IF(RANDBETWEEN(0,1)=0,"א'","ג'"),IF(RANDBETWEEN(0,1)=0,"א'","ב'"))) -> ג' | AH5: =AVERAGE('קטלוג תרחישים'!$H$2:$H$34) -> 1.5757576 | AI5: COMM
A6: SCN_005 | B6: תל מונד | C6: =A6&"_H" -> SCN_005_H | D6: =A6&"_R" -> SCN_005_R | E6: =A6&"_S" -> SCN_005_S | F6: 2 | G6: 1 | H6: 3 | I6: RTL | J6: N | K6: E | L6: ג' | M6: א' | N6: לפי הוויזואליזציה (בפאנל התחתון) איזה מסלול הציג את הציונים הנמוכים ביותר בקטגוריית חיסכון? | O6: מסלול א מסלול ב מסלול ג לא יודע/ת | P6: מסלול א | Q6: לפי הוויזואליזציה (בפאנל התחתון) איזה מסלול הציג את הציונים הנמוכים ביותר בקטגוריית נוף? | R6: מסלול א מסלול ב מסלול ג לא יודע/ת | S6: מסלול ב | W6: במפה שלפניך מופיעים 3 מסלולים אפשריים בין נקודת המוצא ליעד. בחר ואשר את המסלול שמתעדף את הדרישות: | X6: קליטה | AA6: קליטה לאורך כל המקטעים במסלול. | AB6: TRUE | AE6: =IF(L6="א'",IF(RANDBETWEEN(0,1)=0,"ב'","ג'"),IF(M6="ב'",IF(RANDBETWEEN(0,1)=0,"א'","ג'"),IF(RANDBETWEEN(0,1)=0,"א'","ב'"))) -> א' | AH6: =AVERAGE('קטלוג תרחישים'!$G$2:$G$34) -> 1.3939394 | AI6: TOLL
A7: SCN_006 | B7: אור עקיבא | C7: =A7&"_H" -> SCN_006_H | D7: =A7&"_R" -> SCN_006_R | E7: =A7&"_S" -> SCN_006_S | F7: 2 | G7: 1 | H7: 1 | I7: RTL | J7: N | K7: H | L7: ג' | M7: ב' | N7: לפי הוויזואליזציה (בפאנל התחתון) איזה מסלול הציג את הציונים הגבוהים ביותר בקטגוריית קליטה? | O7: מסלול א מסלול ב מסלול ג לא יודע/ת | P7: מסלול א, מסלול ג | Q7: לפי הוויזואליזציה (בפאנל התחתון) איזה מסלול הציג את הציונים הנמוכים ביותר בקטגוריית נוף? | R7: מסלול א מסלול ב מסלול ג לא יודע/ת | S7: מסלול א, מסלול ב | W7: במפה שלפניך מופיעים 3 מסלולים אפשריים בין נקודת המוצא ליעד. בחר ואשר את המסלול שמתעדף את הדרישות: | X7: נוף | Y7: 1 | Z7: חיסכון | AA7: נוף לאורך כל המקטעים במסלול. במקטע 1 גם חיסכון. | AB7: TRUE | AE7: =IF(L7="א'",IF(RANDBETWEEN(0,1)=0,"ב'","ג'"),IF(M7="ב'",IF(RANDBETWEEN(0,1)=0,"א'","ג'"),IF(RANDBETWEEN(0,1)=0,"א'","ב'"))) -> ג' | AF7: קשה | AH7: =AVERAGE('קטלוג תרחישים'!$F$2:$F$34) -> 1.9090909 | AI7: TRAFF
A8: SCN_007 | B8: אשדוד | C8: =A8&"_H" -> SCN_007_H | D8: =A8&"_R" -> SCN_007_R | E8: =A8&"_S" -> SCN_007_S | F8: 2 | G8: 1 | H8: 3 | I8: LTR | J8: N | K8: E | L8: ב' | M8: א' | N8: לפי הוויזואליזציה (בפאנל התחתון) איזה מסלול הציג את הציונים הגבוהים ביותר בקטגוריית קליטה? | O8: מסלול א מסלול ב מסלול ג לא יודע/ת | P8: מסלול ג | Q8: לפי הוויזואליזציה (בפאנל התחתון) איזה מסלול הציג את הציונים הגבוהים ביותר בקטגוריית חיסכון? | R8: מסלול א מסלול ב מסלול ג לא יודע/ת | S8: מסלול ב, מסלול ג | W8: במפה שלפניך מופיעים 3 מסלולים אפשריים בין נקודת המוצא ליעד. בחר ואשר את המסלול שמתעדף את הדרישות: | X8: חיסכון | AA8: חיסכון לאורך כל המקטעים במסלול. | AB8: TRUE | AE8: =IF(L8="א'",IF(RANDBETWEEN(0,1)=0,"ב'","ג'"),IF(M8="ב'",IF(RANDBETWEEN(0,1)=0,"א'","ג'"),IF(RANDBETWEEN(0,1)=0,"א'","ב'"))) -> ב'
A9: SCN_008 | B9: באר שבע צפון | C9: =A9&"_H" -> SCN_008_H | D9: =A9&"_R" -> SCN_008_R | E9: =A9&"_S" -> SCN_008_S | F9: 1 | G9: 2 | H9: 1 | I9: RTL | J9: N | K9: H | L9: א' | M9: ג' | N9: לפי הוויזואליזציה (בפאנל התחתון) איזה מסלול הציג את הציונים הגבוהים ביותר בקטגוריית נוף? | O9: מסלול א מסלול ב מסלול ג לא יודע/ת | P9: מסלול א | Q9: לפי הוויזואליזציה (בפאנל התחתון) איזה מסלול הציג את הציונים הגבוהים ביותר בקטגוריית חיסכון? | R9: מסלול א מסלול ב מסלול ג לא יודע/ת | S9: מסלול ג | W9: במפה שלפניך מופיעים 3 מסלולים אפשריים בין נקודת המוצא ליעד. בחר ואשר את המסלול שמתעדף את הדרישות: | X9: קליטה | Y9: 2 | Z9: נוף | AA9: קליטה לאורך כל המקטעים במסלול. במקטע 2 גם נוף. | AB9: TRUE | AE9: =IF(L9="א'",IF(RANDBETWEEN(0,1)=0,"ב'","ג'"),IF(M9="ב'",IF(RANDBETWEEN(0,1)=0,"א'","ג'"),IF(RANDBETWEEN(0,1)=0,"א'","ב'"))) -> ג' | AH9: =COUNTIF('קטלוג תרחישים'!$AB$2:$AB$34,TRUE) -> 33 | AI9: TOT
A10: SCN_009 | B10: הדר יוסף | C10: =A10&"_H" -> SCN_009_H | D10: =A10&"_R" -> SCN_009_R | E10: =A10&"_S" -> SCN_009_S | F10: 2 | G10: 2 | H10: 2 | I10: LTR | J10: N | K10: E | L10: ג' | M10: ב' | N10: לפי הוויזואליזציה (בפאנל התחתון) איזה מסלול הציג את הציונים הגבוהים ביותר בקטגוריית נוף? | O10: מסלול א מסלול ב מסלול ג לא יודע/ת | P10: מסלול ג | Q10: לפי הוויזואליזציה (בפאנל התחתון) איזה מסלול הציג את הציונים הנמוכים ביותר בקטגוריית קליטה? | R10: מסלול א מסלול ב מסלול ג לא יודע/ת | S10: מסלול א | W10: במפה שלפניך מופיעים 3 מסלולים אפשריים בין נקודת המוצא ליעד. בחר ואשר את המסלול שמתעדף את הדרישות: | X10: נוף | AA10: נוף לאורך כל המקטעים במסלול. | AB10: TRUE | AE10: =IF(L10="א'",IF(RANDBETWEEN(0,1)=0,"ב'","ג'"),IF(M10="ב'",IF(RANDBETWEEN(0,1)=0,"א'","ג'"),IF(RANDBETWEEN(0,1)=0,"א'","ב'"))) -> א'
A11: SCN_010 | B11: דימונה | C11: =A11&"_H" -> SCN_010_H | D11: =A11&"_R" -> SCN_010_R | E11: =A11&"_S" -> SCN_010_S | F11: 2 | G11: 1 | H11: 3 | I11: RTL | J11: N | K11: H | L11: ג' | M11: ב' | N11: לפי הוויזואליזציה (בפאנל התחתון) איזה מסלול הציג את הציונים הנמוכים ביותר בקטגוריית חיסכון? | O11: מסלול א מסלול ב מסלול ג לא יודע/ת | P11: מסלול ב | Q11: לפי הוויזואליזציה (בפאנל התחתון) איזה מסלול הציג את הציונים הנמוכים ביותר בקטגוריית קליטה? | R11: מסלול א מסלול ב מסלול ג לא יודע/ת | S11: מסלול א, מסלול ב | W11: במפה שלפניך מופיעים 3 מסלולים אפשריים בין נקודת המוצא ליעד. בחר ואשר את המסלול שמתעדף את הדרישות: | X11: חיסכון | Y11: 3 | Z11: נוף | AA11: חיסכון לאורך כל המקטעים במסלול. במקטע 3 גם נוף. | AB11: TRUE | AE11: =IF(L11="א'",IF(RANDBETWEEN(0,1)=0,"ב'","ג'"),IF(M11="ב'",IF(RANDBETWEEN(0,1)=0,"א'","ג'"),IF(RANDBETWEEN(0,1)=0,"א'","ב'"))) -> א'
A12: SCN_011 | B12: אשקלון | C12: =A12&"_H" -> SCN_011_H | D12: =A12&"_R" -> SCN_011_R | E12: =A12&"_S" -> SCN_011_S | F12: 2 | G12: 1 | H12: 2 | I12: RTL | J12: N | K12: E | L12: ב' | M12: א' | N12: לפי הוויזואליזציה (בפאנל התחתון) איזה מסלול הציג את הציונים הנמוכים ביותר בקטגוריית חיסכון? | O12: מסלול א מסלול ב מסלול ג לא יודע/ת | P12: מסלול א | Q12: לפי הוויזואליזציה (בפאנל התחתון) איזה מסלול הציג את הציונים הנמוכים ביותר בקטגוריית נוף? | R12: מסלול א מסלול ב מסלול ג לא יודע/ת | S12: מסלול ב | W12: במפה שלפניך מופיעים 3 מסלולים אפשריים בין נקודת המוצא ליעד. בחר ואשר את המסלול שמתעדף את הדרישות: | X12: קליטה | AA12: קליטה לאורך כל המקטעים במסלול. | AB12: TRUE | AE12: =IF(L12="א'",IF(RANDBETWEEN(0,1)=0,"ב'","ג'"),IF(M12="ב'",IF(RANDBETWEEN(0,1)=0,"א'","ג'"),IF(RANDBETWEEN(0,1)=0,"א'","ב'"))) -> א'
A13: SCN_012 | B13: הרצליה | C13: =A13&"_H" -> SCN_012_H | D13: =A13&"_R" -> SCN_012_R | E13: =A13&"_S" -> SCN_012_S | F13: 2 | G13: 2 | H13: 1 | I13: LTR | J13: N | K13: H | L13: ב' | M13: א' | N13: לפי הוויזואליזציה (בפאנל התחתון) איזה מסלול הציג את הציונים הגבוהים ביותר בקטגוריית קליטה? | O13: מסלול א מסלול ב מסלול ג לא יודע/ת | P13: מסלול א, מסלול ב | Q13: לפי הוויזואליזציה (בפאנל התחתון) איזה מסלול הציג את הציונים הנמוכים ביותר בקטגוריית נוף? | R13: מסלול א מסלול ב מסלול ג לא יודע/ת | S13: מסלול א | W13: במפה שלפניך מופיעים 3 מסלולים אפשריים בין נקודת המוצא ליעד. בחר ואשר את המסלול שמתעדף את הדרישות: | X13: קליטה | Y13: 2 | Z13: חיסכון | AA13: קליטה לאורך כל המקטעים במסלול. במקטע 2 גם חיסכון. | AB13: TRUE | AE13: =IF(L13="א'",IF(RANDBETWEEN(0,1)=0,"ב'","ג'"),IF(M13="ב'",IF(RANDBETWEEN(0,1)=0,"א'","ג'"),IF(RANDBETWEEN(0,1)=0,"א'","ב'"))) -> ב'
A14: SCN_013 | B14: יבנה | C14: =A14&"_H" -> SCN_013_H | D14: =A14&"_R" -> SCN_013_R | E14: =A14&"_S" -> SCN_013_S | F14: 2 | G14: 1 | H14: 2 | I14: RTL | J14: N | K14: H | L14: ב' | M14: א' | N14: לפי הוויזואליזציה (בפאנל התחתון) איזה מסלול הציג את הציונים הגבוהים ביותר בקטגוריית קליטה? | O14: מסלול א מסלול ב מסלול ג לא יודע/ת | P14: מסלול ב | Q14: לפי הוויזואליזציה (בפאנל התחתון) איזה מסלול הציג את הציונים הגבוהים ביותר בקטגוריית חיסכון? | R14: מסלול א מסלול ב מסלול ג לא יודע/ת | S14: מסלול ב, מסלול ג | W14: במפה שלפניך מופיעים 3 מסלולים אפשריים בין נקודת המוצא ליעד. בחר ואשר את המסלול שמתעדף את הדרישות: | X14: נוף | Y14: 2 | Z14: קליטה | AA14: נוף לאורך כל המקטעים במסלול. במקטע 2 גם קליטה. | AB14: TRUE | AE14: =IF(L14="א'",IF(RANDBETWEEN(0,1)=0,"ב'","ג'"),IF(M14="ב'",IF(RANDBETWEEN(0,1)=0,"א'","ג'"),IF(RANDBETWEEN(0,1)=0,"א'","ב'"))) -> א'
A15: SCN_014 | B15: חדרה | C15: =A15&"_H" -> SCN_014_H | D15: =A15&"_R" -> SCN_014_R | E15: =A15&"_S" -> SCN_014_S | F15: 3 | G15: 1 | H15: 2 | I15: LTR | J15: N | K15: E | L15: א' | M15: ב' | N15: לפי הוויזואליזציה (בפאנל התחתון) איזה מסלול הציג את הציונים הגבוהים ביותר בקטגוריית נוף? | O15: מסלול א מסלול ב מסלול ג לא יודע/ת | P15: מסלול ב | Q15: לפי הוויזואליזציה (בפאנל התחתון) איזה מסלול הציג את הציונים הגבוהים ביותר בקטגוריית חיסכון? | R15: מסלול א מסלול ב מסלול ג לא יודע/ת | S15: מסלול א | W15: במפה שלפניך מופיעים 3 מסלולים אפשריים בין נקודת המוצא ליעד. בחר ואשר את המסלול שמתעדף את הדרישות: | X15: חיסכון | AA15: חיסכון לאורך כל המקטעים במסלול. | AB15: TRUE | AE15: =IF(L15="א'",IF(RANDBETWEEN(0,1)=0,"ב'","ג'"),IF(M15="ב'",IF(RANDBETWEEN(0,1)=0,"א'","ג'"),IF(RANDBETWEEN(0,1)=0,"א'","ב'"))) -> ב'
A16: SCN_015 | B16: זכרון יעקב | C16: =A16&"_H" -> SCN_015_H | D16: =A16&"_R" -> SCN_015_R | E16: =A16&"_S" -> SCN_015_S | F16: 2 | G16: 2 | H16: 1 | I16: LTR | J16: N | K16: E | L16: ג' | M16: ב' | N16: לפי הוויזואליזציה (בפאנל התחתון) איזה מסלול הציג את הציונים הגבוהים ביותר בקטגוריית נוף? | O16: מסלול א מסלול ב מסלול ג לא יודע/ת | P16: מסלול ב | Q16: לפי הוויזואליזציה (בפאנל התחתון) איזה מסלול הציג את הציונים הנמוכים ביותר בקטגוריית קליטה? | R16: מסלול א מסלול ב מסלול ג לא יודע/ת | S16: מסלול ב | W16: במפה שלפניך מופיעים 3 מסלולים אפשריים בין נקודת המוצא ליעד. בחר ואשר את המסלול שמתעדף את הדרישות: | X16: חיסכון | AA16: חיסכון לאורך כל המקטעים במסלול. | AB16: TRUE | AE16: =IF(L16="א'",IF(RANDBETWEEN(0,1)=0,"ב'","ג'"),IF(M16="ב'",IF(RANDBETWEEN(0,1)=0,"א'","ג'"),IF(RANDBETWEEN(0,1)=0,"א'","ב'"))) -> ג'
A17: SCN_016 | B17: טירת כרמל | C17: =A17&"_H" -> SCN_016_H | D17: =A17&"_R" -> SCN_016_R | E17: =A17&"_S" -> SCN_016_S | F17: 2 | G17: 2 | H17: 2 | I17: RTL | J17: N | K17: H | L17: ב' | M17: ג' | N17: לפי הוויזואליזציה (בפאנל התחתון) איזה מסלול הציג את הציונים הנמוכים ביותר בקטגוריית חיסכון? | O17: מסלול א מסלול ב מסלול ג לא יודע/ת | P17: מסלול ב, מסלול ג | Q17: לפי הוויזואליזציה (בפאנל התחתון) איזה מסלול הציג את הציונים הנמוכים ביותר בקטגוריית קליטה? | R17: מסלול א מסלול ב מסלול ג לא יודע/ת | S17: מסלול א | W17: במפה שלפניך מופיעים 3 מסלולים אפשריים בין נקודת המוצא ליעד. בחר ואשר את המסלול שמתעדף את הדרישות: | X17: קליטה | Y17: 2 | Z17: נוף | AA17: קליטה לאורך כל המקטעים במסלול. במקטע 2 גם נוף. | AB17: TRUE | AE17: =IF(L17="א'",IF(RANDBETWEEN(0,1)=0,"ב'","ג'"),IF(M17="ב'",IF(RANDBETWEEN(0,1)=0,"א'","ג'"),IF(RANDBETWEEN(0,1)=0,"א'","ב'"))) -> א'
A18: SCN_017 | B18: טבריה | C18: =A18&"_H" -> SCN_017_H | D18: =A18&"_R" -> SCN_017_R | E18: =A18&"_S" -> SCN_017_S | F18: 3 | G18: 1 | H18: 2 | I18: RTL | J18: N | K18: E | L18: ג' | M18: א' | N18: לפי הוויזואליזציה (בפאנל התחתון) איזה מסלול הציג את הציונים הנמוכים ביותר בקטגוריית חיסכון? | O18: מסלול א מסלול ב מסלול ג לא יודע/ת | P18: מסלול א | Q18: לפי הוויזואליזציה (בפאנל התחתון) איזה מסלול הציג את הציונים הנמוכים ביותר בקטגוריית נוף? | R18: מסלול א מסלול ב מסלול ג לא יודע/ת | S18: מסלול א, מסלול ב | W18: במפה שלפניך מופיעים 3 מסלולים אפשריים בין נקודת המוצא ליעד. בחר ואשר את המסלול שמתעדף את הדרישות: | X18: קליטה | AA18: קליטה לאורך כל המקטעים במסלול. | AB18: TRUE | AE18: =IF(L18="א'",IF(RANDBETWEEN(0,1)=0,"ב'","ג'"),IF(M18="ב'",IF(RANDBETWEEN(0,1)=0,"א'","ג'"),IF(RANDBETWEEN(0,1)=0,"א'","ב'"))) -> א'
A19: SCN_018 | B19: ירוחם | C19: =A19&"_H" -> SCN_018_H | D19: =A19&"_R" -> SCN_018_R | E19: =A19&"_S" -> SCN_018_S | F19: 2 | G19: 2 | H19: 3 | I19: RTL | J19: N | K19: H | L19: א' | M19: ב' | N19: לפי הוויזואליזציה (בפאנל התחתון) איזה מסלול הציג את הציונים הגבוהים ביותר בקטגוריית קליטה? | O19: מסלול א מסלול ב מסלול ג לא יודע/ת | P19: מסלול ג | Q19: לפי הוויזואליזציה (בפאנל התחתון) איזה מסלול הציג את הציונים הנמוכים ביותר בקטגוריית נוף? | R19: מסלול א מסלול ב מסלול ג לא יודע/ת | S19: מסלול ב | W19: במפה שלפניך מופיעים 3 מסלולים אפשריים בין נקודת המוצא ליעד. בחר ואשר את המסלול שמתעדף את הדרישות: | X19: חיסכון | Y19: 3 | Z19: קליטה | AA19: חיסכון לאורך כל המקטעים במסלול. במקטע 1 גם קליטה. | AB19: TRUE | AE19: =IF(L19="א'",IF(RANDBETWEEN(0,1)=0,"ב'","ג'"),IF(M19="ב'",IF(RANDBETWEEN(0,1)=0,"א'","ג'"),IF(RANDBETWEEN(0,1)=0,"א'","ב'"))) -> ג'
A20: SCN_019 | B20: ירושלים מרכז | C20: =A20&"_H" -> SCN_019_H | D20: =A20&"_R" -> SCN_019_R | E20: =A20&"_S" -> SCN_019_S | F20: 2 | G20: 2 | H20: 0 | I20: RTL | J20: N | K20: E | L20: ג' | M20: א' | N20: לפי הוויזואליזציה (בפאנל התחתון) איזה מסלול הציג את הציונים הגבוהים ביותר בקטגוריית קליטה? | O20: מסלול א מסלול ב מסלול ג לא יודע/ת | P20: מסלול ג | Q20: לפי הוויזואליזציה (בפאנל התחתון) איזה מסלול הציג את הציונים הגבוהים ביותר בקטגוריית חיסכון? | R20: מסלול א מסלול ב מסלול ג לא יודע/ת | S20: מסלול ב, מסלול ג | W20: במפה שלפניך מופיעים 3 מסלולים אפשריים בין נקודת המוצא ליעד. בחר ואשר את המסלול שמתעדף את הדרישות: | X20: חיסכון | AA20: חיסכון לאורך כל המקטעים במסלול. | AB20: TRUE | AE20: =IF(L20="א'",IF(RANDBETWEEN(0,1)=0,"ב'","ג'"),IF(M20="ב'",IF(RANDBETWEEN(0,1)=0,"א'","ג'"),IF(RANDBETWEEN(0,1)=0,"א'","ב'"))) -> ב'
A21: SCN_020 | B21: מגדל העמק | C21: =A21&"_H" -> SCN_020_H | D21: =A21&"_R" -> SCN_020_R | E21: =A21&"_S" -> SCN_020_S | F21: 2 | G21: 2 | H21: 0 | I21: RTL | J21: N | K21: H | L21: ג' | M21: ב' | N21: לפי הוויזואליזציה (בפאנל התחתון) איזה מסלול הציג את הציונים הגבוהים ביותר בקטגוריית נוף? | O21: מסלול א מסלול ב מסלול ג לא יודע/ת | P21: מסלול ג | Q21: לפי הוויזואליזציה (בפאנל התחתון) איזה מסלול הציג את הציונים הגבוהים ביותר בקטגוריית חיסכון? | R21: מסלול א מסלול ב מסלול ג לא יודע/ת | S21: מסלול ג | W21: במפה שלפניך מופיעים 3 מסלולים אפשריים בין נקודת המוצא ליעד. בחר ואשר את המסלול שמתעדף את הדרישות: | X21: חיסכון | Y21: 2 | Z21: נוף | AA21: חיסכון לאורך כל המקטעים במסלול. במקטע 2 גם נוף. | AB21: TRUE | AE21: =IF(L21="א'",IF(RANDBETWEEN(0,1)=0,"ב'","ג'"),IF(M21="ב'",IF(RANDBETWEEN(0,1)=0,"א'","ג'"),IF(RANDBETWEEN(0,1)=0,"א'","ב'"))) -> א'
A22: SCN_021 | B22: מעלות | C22: =A22&"_H" -> SCN_021_H | D22: =A22&"_R" -> SCN_021_R | E22: =A22&"_S" -> SCN_021_S | F22: 1 | G22: 1 | H22: 3 | I22: RTL | J22: N | K22: E | L22: ב' | M22: ג' | N22: לפי הוויזואליזציה (בפאנל התחתון) איזה מסלול הציג את הציונים הגבוהים ביותר בקטגוריית נוף? | O22: מסלול א מסלול ב מסלול ג לא יודע/ת | P22: מסלול ב | Q22: לפי הוויזואליזציה (בפאנל התחתון) איזה מסלול הציג את הציונים הנמוכים ביותר בקטגוריית קליטה? | R22: מסלול א מסלול ב מסלול ג לא יודע/ת | S22: מסלול א | W22: במפה שלפניך מופיעים 3 מסלולים אפשריים בין נקודת המוצא ליעד. בחר ואשר את המסלול שמתעדף את הדרישות: | X22: נוף | AA22: נוף לאורך כל המקטעים במסלול. | AB22: TRUE | AE22: =IF(L22="א'",IF(RANDBETWEEN(0,1)=0,"ב'","ג'"),IF(M22="ב'",IF(RANDBETWEEN(0,1)=0,"א'","ג'"),IF(RANDBETWEEN(0,1)=0,"א'","ב'"))) -> א'
A23: SCN_022 | B23: נס ציונה | C23: =A23&"_H" -> SCN_022_H | D23: =A23&"_R" -> SCN_022_R | E23: =A23&"_S" -> SCN_022_S | F23: 2 | G23: 1 | H23: 2 | I23: LTR | J23: N | K23: H | L23: א' | M23: ב' | N23: לפי הוויזואליזציה (בפאנל התחתון) איזה מסלול הציג את הציונים הנמוכים ביותר בקטגוריית חיסכון? | O23: מסלול א מסלול ב מסלול ג לא יודע/ת | P23: מסלול א | Q23: לפי הוויזואליזציה (בפאנל התחתון) איזה מסלול הציג את הציונים הנמוכים ביותר בקטגוריית קליטה? | R23: מסלול א מסלול ב מסלול ג לא יודע/ת | S23: מסלול א | W23: במפה שלפניך מופיעים 3 מסלולים אפשריים בין נקודת המוצא ליעד. בחר ואשר את המסלול שמתעדף את הדרישות: | X23: נוף | Y23: 3 | Z23: קליטה | AA23: נוף לאורך כל המקטעים במסלול. במקטע 3 גם קליטה. | AB23: TRUE | AE23: =IF(L23="א'",IF(RANDBETWEEN(0,1)=0,"ב'","ג'"),IF(M23="ב'",IF(RANDBETWEEN(0,1)=0,"א'","ג'"),IF(RANDBETWEEN(0,1)=0,"א'","ב'"))) -> ב'
A24: SCN_023 | B24: נתיבות | C24: =A24&"_H" -> SCN_023_H | D24: =A24&"_R" -> SCN_023_R | E24: =A24&"_S" -> SCN_023_S | F24: 1 | G24: 0 | H24: 2 | I24: LTR | J24: N | K24: E | L24: ג' | M24: א' | N24: לפי הוויזואליזציה (בפאנל התחתון) איזה מסלול הציג את הציונים הנמוכים ביותר בקטגוריית חיסכון? | O24: מסלול א מסלול ב מסלול ג לא יודע/ת | P24: מסלול ב | Q24: לפי הוויזואליזציה (בפאנל התחתון) איזה מסלול הציג את הציונים הנמוכים ביותר בקטגוריית נוף? | R24: מסלול א מסלול ב מסלול ג לא יודע/ת | S24: מסלול ג | W24: במפה שלפניך מופיעים 3 מסלולים אפשריים בין נקודת המוצא ליעד. בחר ואשר את המסלול שמתעדף את הדרישות: | X24: קליטה | AA24: קליטה לאורך כל המקטעים במסלול. | AB24: TRUE | AE24: =IF(L24="א'",IF(RANDBETWEEN(0,1)=0,"ב'","ג'"),IF(M24="ב'",IF(RANDBETWEEN(0,1)=0,"א'","ג'"),IF(RANDBETWEEN(0,1)=0,"א'","ב'"))) -> א'
A25: SCN_024 | B25: נתניה דרום | C25: =A25&"_H" -> SCN_024_H | D25: =A25&"_R" -> SCN_024_R | E25: =A25&"_S" -> SCN_024_S | F25: 2 | G25: 0 | H25: 2 | I25: LTR | J25: N | K25: H | L25: ב' | M25: ג' | N25: לפי הוויזואליזציה (בפאנל התחתון) איזה מסלול הציג את הציונים הגבוהים ביותר בקטגוריית קליטה? | O25: מסלול א מסלול ב מסלול ג לא יודע/ת | P25: מסלול ב | Q25: לפי הוויזואליזציה (בפאנל התחתון) איזה מסלול הציג את הציונים הנמוכים ביותר בקטגוריית נוף? | R25: מסלול א מסלול ב מסלול ג לא יודע/ת | S25: מסלול א, מסלול ב | W25: במפה שלפניך מופיעים 3 מסלולים אפשריים בין נקודת המוצא ליעד. בחר ואשר את המסלול שמתעדף את הדרישות: | X25: קליטה | Y25: 1 | Z25: נוף | AA25: קליטה לאורך כל המקטעים במסלול. במקטע 1 גם נוף. | AB25: TRUE | AE25: =IF(L25="א'",IF(RANDBETWEEN(0,1)=0,"ב'","ג'"),IF(M25="ב'",IF(RANDBETWEEN(0,1)=0,"א'","ג'"),IF(RANDBETWEEN(0,1)=0,"א'","ב'"))) -> ב'
A26: SCN_025 | B26: ערד | C26: =A26&"_H" -> SCN_025_H | D26: =A26&"_R" -> SCN_025_R | E26: =A26&"_S" -> SCN_025_S | F26: 1 | G26: 2 | H26: 2 | I26: LTR | J26: N | K26: E | L26: ג' | M26: א' | N26: לפי הוויזואליזציה (בפאנל התחתון) איזה מסלול הציג את הציונים הגבוהים ביותר בקטגוריית קליטה? | O26: מסלול א מסלול ב מסלול ג לא יודע/ת | P26: מסלול ג | Q26: לפי הוויזואליזציה (בפאנל התחתון) איזה מסלול הציג את הציונים הגבוהים ביותר בקטגוריית חיסכון? | R26: מסלול א מסלול ב מסלול ג לא יודע/ת | S26: מסלול ג | W26: במפה שלפניך מופיעים 3 מסלולים אפשריים בין נקודת המוצא ליעד. בחר ואשר את המסלול שמתעדף את הדרישות: | X26: נוף | AA26: נוף לאורך כל המקטעים במסלול. | AB26: TRUE | AE26: =IF(L26="א'",IF(RANDBETWEEN(0,1)=0,"ב'","ג'"),IF(M26="ב'",IF(RANDBETWEEN(0,1)=0,"א'","ג'"),IF(RANDBETWEEN(0,1)=0,"א'","ב'"))) -> ב'
A27: SCN_026 | B27: נתניה מרכז | C27: =A27&"_H" -> SCN_026_H | D27: =A27&"_R" -> SCN_026_R | E27: =A27&"_S" -> SCN_026_S | F27: 2 | G27: 1 | H27: 0 | I27: RTL | J27: N | K27: H | L27: ג' | M27: ב' | N27: לפי הוויזואליזציה (בפאנל התחתון) איזה מסלול הציג את הציונים הגבוהים ביותר בקטגוריית נוף? | O27: מסלול א מסלול ב מסלול ג לא יודע/ת | P27: מסלול ב | Q27: לפי הוויזואליזציה (בפאנל התחתון) איזה מסלול הציג את הציונים הגבוהים ביותר בקטגוריית חיסכון? | R27: מסלול א מסלול ב מסלול ג לא יודע/ת | S27: מסלול ג | W27: במפה שלפניך מופיעים 3 מסלולים אפשריים בין נקודת המוצא ליעד. בחר ואשר את המסלול שמתעדף את הדרישות: | X27: חיסכון | Y27: 3 | Z27: נוף | AA27: חיסכון לאורך כל המקטעים במסלול. במקטע 3 גם נוף. | AB27: TRUE | AE27: =IF(L27="א'",IF(RANDBETWEEN(0,1)=0,"ב'","ג'"),IF(M27="ב'",IF(RANDBETWEEN(0,1)=0,"א'","ג'"),IF(RANDBETWEEN(0,1)=0,"א'","ב'"))) -> א'
A28: SCN_027 | B28: עומר | C28: =A28&"_H" -> SCN_027_H | D28: =A28&"_R" -> SCN_027_R | E28: =A28&"_S" -> SCN_027_S | F28: 2 | G28: 1 | H28: 3 | I28: LTR | J28: N | K28: E | L28: ב' | M28: ג' | N28: לפי הוויזואליזציה (בפאנל התחתון) איזה מסלול הציג את הציונים הגבוהים ביותר בקטגוריית נוף? | O28: מסלול א מסלול ב מסלול ג לא יודע/ת | P28: מסלול ג | Q28: לפי הוויזואליזציה (בפאנל התחתון) איזה מסלול הציג את הציונים הנמוכים ביותר בקטגוריית קליטה? | R28: מסלול א מסלול ב מסלול ג לא יודע/ת | S28: מסלול ב | W28: במפה שלפניך מופיעים 3 מסלולים אפשריים בין נקודת המוצא ליעד. בחר ואשר את המסלול שמתעדף את הדרישות: | X28: חיסכון | AA28: חיסכון לאורך כל המקטעים במסלול. | AB28: TRUE | AE28: =IF(L28="א'",IF(RANDBETWEEN(0,1)=0,"ב'","ג'"),IF(M28="ב'",IF(RANDBETWEEN(0,1)=0,"א'","ג'"),IF(RANDBETWEEN(0,1)=0,"א'","ב'"))) -> א'
A29: SCN_028 | B29: עתלית | C29: =A29&"_H" -> SCN_028_H | D29: =A29&"_R" -> SCN_028_R | E29: =A29&"_S" -> SCN_028_S | F29: 2 | G29: 1 | H29: 1 | I29: LTR | J29: N | K29: H | L29: ג' | M29: א' | N29: לפי הוויזואליזציה (בפאנל התחתון) איזה מסלול הציג את הציונים הנמוכים ביותר בקטגוריית חיסכון? | O29: מסלול א מסלול ב מסלול ג לא יודע/ת | P29: מסלול א, מסלול ג | Q29: לפי הוויזואליזציה (בפאנל התחתון) איזה מסלול הציג את הציונים הנמוכים ביותר בקטגוריית קליטה? | R29: מסלול א מסלול ב מסלול ג לא יודע/ת | S29: מסלול א | W29: במפה שלפניך מופיעים 3 מסלולים אפשריים בין נקודת המוצא ליעד. בחר ואשר את המסלול שמתעדף את הדרישות: | X29: קליטה | Y29: 3 | Z29: חיסכון | AA29: קליטה לאורך כל המקטעים במסלול. במקטע 3 גם חיסכון. | AB29: TRUE | AE29: =IF(L29="א'",IF(RANDBETWEEN(0,1)=0,"ב'","ג'"),IF(M29="ב'",IF(RANDBETWEEN(0,1)=0,"א'","ג'"),IF(RANDBETWEEN(0,1)=0,"א'","ב'"))) -> א'
A30: SCN_029 | B30: קריית גת | C30: =A30&"_H" -> SCN_029_H | D30: =A30&"_R" -> SCN_029_R | E30: =A30&"_S" -> SCN_029_S | F30: 2 | G30: 2 | H30: 1 | I30: LTR | J30: N | K30: H | L30: א' | M30: ג' | N30: לפי הוויזואליזציה (בפאנל התחתון) איזה מסלול הציג את הציונים הנמוכים ביותר בקטגוריית חיסכון? | O30: מסלול א מסלול ב מסלול ג לא יודע/ת | P30: מסלול א, מסלול ג | Q30: לפי הוויזואליזציה (בפאנל התחתון) איזה מסלול הציג את הציונים הנמוכים ביותר בקטגוריית נוף? | R30: מסלול א מסלול ב מסלול ג לא יודע/ת | S30: מסלול ג | W30: במפה שלפניך מופיעים 3 מסלולים אפשריים בין נקודת המוצא ליעד. בחר ואשר את המסלול שמתעדף את הדרישות: | X30: נוף | Y30: 1 | Z30: קליטה | AA30: נוף לאורך כל המקטעים במסלול. במקטע 1 גם קליטה. | AB30: TRUE | AE30: =IF(L30="א'",IF(RANDBETWEEN(0,1)=0,"ב'","ג'"),IF(M30="ב'",IF(RANDBETWEEN(0,1)=0,"א'","ג'"),IF(RANDBETWEEN(0,1)=0,"א'","ב'"))) -> ב'
A31: SCN_030 | B31: קריית מלאכי | C31: =A31&"_H" -> SCN_030_H | D31: =A31&"_R" -> SCN_030_R | E31: =A31&"_S" -> SCN_030_S | F31: 1 | G31: 3 | H31: 0 | I31: LTR | J31: N | K31: E | L31: א' | M31: ב' | N31: לפי הוויזואליזציה (בפאנל התחתון) איזה מסלול הציג את הציונים הגבוהים ביותר בקטגוריית קליטה? | O31: מסלול א מסלול ב מסלול ג לא יודע/ת | P31: מסלול ב, מסלול ג | Q31: לפי הוויזואליזציה (בפאנל התחתון) איזה מסלול הציג את הציונים הנמוכים ביותר בקטגוריית נוף? | R31: מסלול א מסלול ב מסלול ג לא יודע/ת | S31: מסלול ב, מסלול ג | W31: במפה שלפניך מופיעים 3 מסלולים אפשריים בין נקודת המוצא ליעד. בחר ואשר את המסלול שמתעדף את הדרישות: | X31: חיסכון | AA31: חיסכון לאורך כל המקטעים במסלול. | AB31: TRUE | AE31: =IF(L31="א'",IF(RANDBETWEEN(0,1)=0,"ב'","ג'"),IF(M31="ב'",IF(RANDBETWEEN(0,1)=0,"א'","ג'"),IF(RANDBETWEEN(0,1)=0,"א'","ב'"))) -> ב'
A32: SCN_031 | B32: רעננה 2 | C32: =A32&"_H" -> SCN_031_H | D32: =A32&"_R" -> SCN_031_R | E32: =A32&"_S" -> SCN_031_S | F32: 1 | G32: 1 | H32: 1 | I32: RTL | J32: Y | K32: H | L32: א' | M32: ג' | N32: לפי הוויזואליזציה (בפאנל התחתון) איזה מסלול הציג את הציונים הגבוהים ביותר בקטגוריית קליטה? | O32: מסלול א מסלול ב מסלול ג לא יודע/ת | P32: מסלול א, מסלול ב | Q32: לפי הוויזואליזציה (בפאנל התחתון) איזה מסלול הציג את הציונים הגבוהים ביותר בקטגוריית חיסכון? | R32: מסלול א מסלול ב מסלול ג לא יודע/ת | S32: מסלול ב | W32: במפה שלפניך מופיעים 3 מסלולים אפשריים בין נקודת המוצא ליעד. בחר ואשר את המסלול שמתעדף את הדרישות: | X32: קליטה | Y32: 2 | Z32: חיסכון | AA32: קליטה לאורך כל המקטעים במסלול. במקטע 2 גם חיסכון. | AB32: TRUE | AE32: =IF(L32="א'",IF(RANDBETWEEN(0,1)=0,"ב'","ג'"),IF(M32="ב'",IF(RANDBETWEEN(0,1)=0,"א'","ג'"),IF(RANDBETWEEN(0,1)=0,"א'","ב'"))) -> ג'
A33: SCN_032 | B33: שדרות | C33: =A33&"_H" -> SCN_032_H | D33: =A33&"_R" -> SCN_032_R | E33: =A33&"_S" -> SCN_032_S | F33: 2 | G33: 1 | H33: 1 | I33: LTR | J33: Y | K33: H | L33: א' | M33: ב' | N33: לפי הוויזואליזציה (בפאנל התחתון) איזה מסלול הציג את הציונים הגבוהים ביותר בקטגוריית נוף? | O33: מסלול א מסלול ב מסלול ג לא יודע/ת | P33: מסלול א | Q33: לפי הוויזואליזציה (בפאנל התחתון) איזה מסלול הציג את הציונים הגבוהים ביותר בקטגוריית חיסכון? | R33: מסלול א מסלול ב מסלול ג לא יודע/ת | S33: מסלול ג | W33: במפה שלפניך מופיעים 3 מסלולים אפשריים בין נקודת המוצא ליעד. בחר ואשר את המסלול שמתעדף את הדרישות: | X33: נוף | Y33: 2 | Z33: קליטה | AA33: נוף לאורך כל המקטעים במסלול. במקטע 2 גם קליטה. | AB33: TRUE | AE33: =IF(L33="א'",IF(RANDBETWEEN(0,1)=0,"ב'","ג'"),IF(M33="ב'",IF(RANDBETWEEN(0,1)=0,"א'","ג'"),IF(RANDBETWEEN(0,1)=0,"א'","ב'"))) -> ב'
A34: SCN_033 | B34: רעננה | C34: =A34&"_H" -> SCN_033_H | D34: =A34&"_R" -> SCN_033_R | E34: =A34&"_S" -> SCN_033_S | F34: 3 | G34: 2 | H34: 1 | I34: LTR | J34: Y | K34: H | L34: ב' | M34: א' | N34: לפי הוויזואליזציה (בפאנל התחתון) איזה מסלול הציג את הציונים הגבוהים ביותר בקטגוריית נוף? | O34: מסלול א מסלול ב מסלול ג לא יודע/ת | P34: מסלול ב | Q34: לפי הוויזואליזציה (בפאנל התחתון) איזה מסלול הציג את הציונים הנמוכים ביותר בקטגוריית קליטה? | R34: מסלול א מסלול ב מסלול ג לא יודע/ת | S34: מסלול א | W34: במפה שלפניך מופיעים 3 מסלולים אפשריים בין נקודת המוצא ליעד. בחר ואשר את המסלול שמתעדף את הדרישות: | X34: חיסכון | Y34: 2 | Z34: נוף | AA34: חיסכון לאורך כל המקטעים במסלול. במקטע 2 גם נוף. | AB34: TRUE | AE34: =IF(L34="א'",IF(RANDBETWEEN(0,1)=0,"ב'","ג'"),IF(M34="ב'",IF(RANDBETWEEN(0,1)=0,"א'","ג'"),IF(RANDBETWEEN(0,1)=0,"א'","ב'"))) -> א'

Sheet מפת_איזון
A1: Participant_ID | B1: List | C1: סדר_תנאים | D1: תנאי_1_ויזואליזציה | E1: תנאי_2_ויזואליזציה | F1: תנאי_3_ויזואליזציה | G1: G(מפת חום) | H1: G(רדאר) | I1: G(עמודות)
A2: P001 | B2: A | C2: עמודות מוערמות ← רדאר ← מפת חום | D2: עמודות מוערמות | E2: רדאר | F2: מפת חום | G2: 1 | H2: 2 | I2: 3
A3: P002 | B3: A | C3: רדאר ← מפת חום ← עמודות מוערמות | D3: רדאר | E3: מפת חום | F3: עמודות מוערמות | G3: 1 | H3: 2 | I3: 3
A4: P003 | B4: A | C4: מפת חום ← עמודות מוערמות ← רדאר | D4: מפת חום | E4: עמודות מוערמות | F4: רדאר | G4: 1 | H4: 2 | I4: 3
A5: P004 | B5: A | C5: עמודות מוערמות ← רדאר ← מפת חום | D5: עמודות מוערמות | E5: רדאר | F5: מפת חום | G5: 1 | H5: 2 | I5: 3
A6: P005 | B6: A | C6: רדאר ← מפת חום ← עמודות מוערמות | D6: רדאר | E6: מפת חום | F6: עמודות מוערמות | G6: 1 | H6: 2 | I6: 3
A7: P006 | B7: A | C7: מפת חום ← עמודות מוערמות ← רדאר | D7: מפת חום | E7: עמודות מוערמות | F7: רדאר | G7: 1 | H7: 2 | I7: 3
A8: P007 | B8: A | C8: עמודות מוערמות ← רדאר ← מפת חום | D8: עמודות מוערמות | E8: רדאר | F8: מפת חום | G8: 1 | H8: 2 | I8: 3
A9: P008 | B9: A | C9: רדאר ← מפת חום ← עמודות מוערמות | D9: רדאר | E9: מפת חום | F9: עמודות מוערמות | G9: 1 | H9: 2 | I9: 3
A10: P009 | B10: A | C10: מפת חום ← עמודות מוערמות ← רדאר | D10: מפת חום | E10: עמודות מוערמות | F10: רדאר | G10: 1 | H10: 2 | I10: 3
A11: P010 | B11: A | C11: עמודות מוערמות ← רדאר ← מפת חום | D11: עמודות מוערמות | E11: רדאר | F11: מפת חום | G11: 1 | H11: 2 | I11: 3
A12: P011 | B12: B | C12: רדאר ← מפת חום ← עמודות מוערמות | D12: רדאר | E12: מפת חום | F12: עמודות מוערמות | G12: 2 | H12: 3 | I12: 1
A13: P012 | B13: B | C13: מפת חום ← עמודות מוערמות ← רדאר | D13: מפת חום | E13: עמודות מוערמות | F13: רדאר | G13: 2 | H13: 3 | I13: 1
... A31: P030 | B31: C | C31: מפת חום ← עמודות מוערמות ← רדאר | D31: מפת חום | E31: עמודות מוערמות | F31: רדאר | G31: 3 | H31: 1 | I31: 2

Sheet Schedule_Long
A1: Participant_ID | B1: Trial_No | C1: Phase | D1: Condition | E1: Visualization | F1: ModelSlot | G1: ModelType | H1: Scenario_ID | I1: Difficulty | J1: Rec_Correct | K1: Correct_Answer | L1: System_Recommendation | O1: opt
A2: P001 | B2: 1 | C2: תרגול | E2: עמודות נערמות | H2: SCN_001_S | I2: E | J2: כן | K2: א' | L2: =IF(J2="כן", K2, VLOOKUP(LEFT(H2, 7), 'קטלוג תרחישים'!$A:$M, 13, FALSE)) -> א' | N2: A | O2: {=_xlfn.IFS(N2="A","א'", N2="B", "ב'", N2= "C", "ג'")} -> א' | P2: =IF(Table_2[[#This Row],[Correct_Answer]]=Table_2[[#This Row],[System_Recommendation]],1,0) -> 1
A3: P001 | B3: 2 | C3: תרגול | E3: עמודות נערמות | H3: SCN_031_S | I3: E | J3: כן | K3: א' | L3: =IF(J3="כן", K3, VLOOKUP(LEFT(H3, 7), 'קטלוג תרחישים'!$A:$M, 13, FALSE)) -> א' | N3: A | O3: {=_xlfn.IFS(N3="A","א'", N3="B", "ב'", N3= "C", "ג'")} -> א' | P3: =IF(Table_2[[#This Row],[Correct_Answer]]=Table_2[[#This Row],[System_Recommendation]],1,0) -> 1
A4: P001 | B4: 3 | C4: תרגול | E4: רדאר | H4: SCN_002_R | I4: E | J4: כן | K4: א' | L4: =IF(J4="כן", K4, VLOOKUP(LEFT(H4, 7), 'קטלוג תרחישים'!$A:$M, 13, FALSE)) -> א' | N4: B | O4: {=_xlfn.IFS(N4="A","א'", N4="B", "ב'", N4= "C", "ג'")} -> ב' | P4: =IF(Table_2[[#This Row],[Correct_Answer]]=Table_2[[#This Row],[System_Recommendation]],1,0) -> 1
A5: P001 | B5: 4 | C5: תרגול | E5: רדאר | H5: SCN_032_R | I5: E | J5: כן | K5: ב' | L5: =IF(J5="כן", K5, VLOOKUP(LEFT(H5, 7), 'קטלוג תרחישים'!$A:$M, 13, FALSE)) -> ב' | N5: C | O5: {=_xlfn.IFS(N5="A","א'", N5="B", "ב'", N5= "C", "ג'")} -> ג' | P5: =IF(Table_2[[#This Row],[Correct_Answer]]=Table_2[[#This Row],[System_Recommendation]],1,0) -> 1
A6: P001 | B6: 5 | C6: תרגול | E6: מפת חום | H6: SCN_003_H | I6: E | J6: כן | K6: ב' | L6: =IF(J6="כן", K6, VLOOKUP(LEFT(H6, 7), 'קטלוג תרחישים'!$A:$M, 13, FALSE)) -> ב' | N6: C | O6: {=_xlfn.IFS(N6="A","א'", N6="B", "ב'", N6= "C", "ג'")} -> ג' | P6: =IF(Table_2[[#This Row],[Correct_Answer]]=Table_2[[#This Row],[System_Recommendation]],1,0) -> 1
A7: P001 | B7: 6 | C7: תרגול | E7: מפת חום | H7: SCN_033_H | I7: E | J7: כן | K7: ג | L7: =IF(J7="כן", K7, VLOOKUP(LEFT(H7, 7), 'קטלוג תרחישים'!$A:$M, 13, FALSE)) -> ג | N7: C | O7: {=_xlfn.IFS(N7="A","א'", N7="B", "ב'", N7= "C", "ג'")} -> ג' | P7: =IF(Table_2[[#This Row],[Correct_Answer]]=Table_2[[#This Row],[System_Recommendation]],1,0) -> 1
A8: P001 | B8: 7 | C8: ניסוי | D8: 1 | E8: עמודות נערמות | F8: M1 | G8: OPT | H8: SCN_028_S | I8: H | J8: כן | K8: ג | L8: =IF(J8="כן", K8, VLOOKUP(LEFT(H8, 7), 'קטלוג תרחישים'!$A:$M, 13, FALSE)) -> ג | N8: B | O8: {=_xlfn.IFS(N8="A","א'", N8="B", "ב'", N8= "C", "ג'")} -> ב' | P8: =IF(Table_2[[#This Row],[Correct_Answer]]=Table_2[[#This Row],[System_Recommendation]],1,0) -> 1
A9: P001 | B9: 8 | C9: ניסוי | D9: 1 | E9: עמודות נערמות | F9: M1 | G9: OPT | H9: SCN_030_S | I9: E | J9: כן | K9: ג | L9: =IF(J9="כן", K9, VLOOKUP(LEFT(H9, 7), 'קטלוג תרחישים'!$A:$M, 13, FALSE)) -> ג | N9: A | O9: {=_xlfn.IFS(N9="A","א'", N9="B", "ב'", N9= "C", "ג'")} -> א' | P9: =IF(Table_2[[#This Row],[Correct_Answer]]=Table_2[[#This Row],[System_Recommendation]],1,0) -> 1
A10: P001 | B10: 9 | C10: ניסוי | D10: 1 | E10: עמודות נערמות | F10: M1 | G10: OPT | H10: SCN_026_S | I10: H | J10: כן | K10: ג | L10: =IF(J10="כן", K10, VLOOKUP(LEFT(H10, 7), 'קטלוג תרחישים'!$A:$M, 13, FALSE)) -> ג | N10: C | O10: {=_xlfn.IFS(N10="A","א'", N10="B", "ב'", N10= "C", "ג'")} -> ג' | P10: =IF(Table_2[[#This Row],[Correct_Answer]]=Table_2[[#This Row],[System_Recommendation]],1,0) -> 1
A11: P001 | B11: 10 | C11: ניסוי | D11: 1 | E11: עמודות נערמות | F11: M1 | G11: OPT | H11: SCN_027_S | I11: E | J11: לא | K11: ב' | L11: =IF(J11="כן", K11, VLOOKUP(LEFT(H11, 7), 'קטלוג תרחישים'!$A:$M, 13, FALSE)) -> ג' | N11: C | O11: {=_xlfn.IFS(N11="A","א'", N11="B", "ב'", N11= "C", "ג'")} -> ג' | P11: =IF(Table_2[[#This Row],[Correct_Answer]]=Table_2[[#This Row],[System_Recommendation]],1,0) -> 0
A12: P001 | B12: 11 | C12: ניסוי | D12: 1 | E12: עמודות נערמות | F12: M1 | G12: OPT | H12: SCN_024_S | I12: H | J12: כן | K12: א' | L12: =IF(J12="כן", K12, VLOOKUP(LEFT(H12, 7), 'קטלוג תרחישים'!$A:$M, 13, FALSE)) -> א' | N12: B | O12: {=_xlfn.IFS(N12="A","א'", N12="B", "ב'", N12= "C", "ג'")} -> ב' | P12: =IF(Table_2[[#This Row],[Correct_Answer]]=Table_2[[#This Row],[System_Recommendation]],1,0) -> 1
A13: P001 | B13: 12 | C13: ניסוי | D13: 2 | E13: רדאר | F13: M1 | G13: OPT | H13: SCN_014_R | I13: E | J13: לא | K13: ג | L13: =IF(J13="כן", K13, VLOOKUP(LEFT(H13, 7), 'קטלוג תרחישים'!$A:$M, 13, FALSE)) -> ב' | N13: B | O13: {=_xlfn.IFS(N13="A","א'", N13="B", "ב'", N13= "C", "ג'")} -> ב' | P13: =IF(Table_2[[#This Row],[Correct_Answer]]=Table_2[[#This Row],[System_Recommendation]],1,0) -> 0
A14: P001 | B14: 13 | C14: ניסוי | D14: 2 | E14: רדאר | F14: M1 | G14: OPT | H14: SCN_016_R | I14: H | J14: כן | K14: ג | L14: =IF(J14="כן", K14, VLOOKUP(LEFT(H14, 7), 'קטלוג תרחישים'!$A:$M, 13, FALSE)) -> ג | N14: B | O14: {=_xlfn.IFS(N14="A","א'", N14="B", "ב'", N14= "C", "ג'")} -> ב' | P14: =IF(Table_2[[#This Row],[Correct_Answer]]=Table_2[[#This Row],[System_Recommendation]],1,0) -> 1
A15: P001 | B15: 14 | C15: ניסוי | D15: 2 | E15: רדאר | F15: M1 | G15: OPT | H15: SCN_017_R | I15: E | J15: כן | K15: ב' | L15: =IF(J15="כן", K15, VLOOKUP(LEFT(H15, 7), 'קטלוג תרחישים'!$A:$M, 13, FALSE)) -> ב' | N15: A | O15: {=_xlfn.IFS(N15="A","א'", N15="B", "ב'", N15= "C", "ג'")} -> א' | P15: =IF(Table_2[[#This Row],[Correct_Answer]]=Table_2[[#This Row],[System_Recommendation]],1,0) -> 1
A16: P001 | B16: 15 | C16: ניסוי | D16: 2 | E16: רדאר | F16: M1 | G16: OPT | H16: SCN_012_R | I16: H | J16: כן | K16: ב' | L16: =IF(J16="כן", K16, VLOOKUP(LEFT(H16, 7), 'קטלוג תרחישים'!$A:$M, 13, FALSE)) -> ב' | N16: C | O16: {=_xlfn.IFS(N16="A","א'", N16="B", "ב'", N16= "C", "ג'")} -> ג' | P16: =IF(Table_2[[#This Row],[Correct_Answer]]=Table_2[[#This Row],[System_Recommendation]],1,0) -> 1
A17: P001 | B17: 16 | C17: ניסוי | D17: 2 | E17: רדאר | F17: M1 | G17: OPT | H17: SCN_025_R | I17: E | J17: כן | K17: ב' | L17: =IF(J17="כן", K17, VLOOKUP(LEFT(H17, 7), 'קטלוג תרחישים'!$A:$M, 13, FALSE)) -> ב' | N17: B | O17: {=_xlfn.IFS(N17="A","א'", N17="B", "ב'", N17= "C", "ג'")} -> ב' | P17: =IF(Table_2[[#This Row],[Correct_Answer]]=Table_2[[#This Row],[System_Recommendation]],1,0) -> 1
A18: P001 | B18: 17 | C18: ניסוי | D18: 3 | E18: מפת חום | F18: M1 | G18: OPT | H18: SCN_007_H | I18: E | J18: כן | K18: א' | L18: =IF(J18="כן", K18, VLOOKUP(LEFT(H18, 7), 'קטלוג תרחישים'!$A:$M, 13, FALSE)) -> א' | N18: C | O18: {=_xlfn.IFS(N18="A","א'", N18="B", "ב'", N18= "C", "ג'")} -> ג' | P18: =IF(Table_2[[#This Row],[Correct_Answer]]=Table_2[[#This Row],[System_Recommendation]],1,0) -> 1
A19: P001 | B19: 18 | C19: ניסוי | D19: 3 | E19: מפת חום | F19: M1 | G19: OPT | H19: SCN_006_H | I19: H | J19: כן | K19: ג | L19: =IF(J19="כן", K19, VLOOKUP(LEFT(H19, 7), 'קטלוג תרחישים'!$A:$M, 13, FALSE)) -> ג | N19: A | O19: {=_xlfn.IFS(N19="A","א'", N19="B", "ב'", N19= "C", "ג'")} -> א' | P19: =IF(Table_2[[#This Row],[Correct_Answer]]=Table_2[[#This Row],[System_Recommendation]],1,0) -> 1
... A34: P001 | B34: 33 | C34: ניסוי | D34: 3 | E34: עמודות נערמות | F34: M2 | G34: SUB | H34: SCN_022_S | I34: H | J34: כן | K34: א' | L34: =IF(J34="כן", K34, VLOOKUP(LEFT(H34, 7), 'קטלוג תרחישים'!$A:$M, 13, FALSE)) -> א' | N34: C | O34: {=_xlfn.IFS(N34="A","א'", N34="B", "ב'", N34= "C", "ג'")} -> ג' | P34: =IF(Table_2[[#This Row],[Correct_Answer]]=Table_2[[#This Row],[System_Recommendation]],1,0) -> 1
A35: P002 | B35: 1 | C35: תרגול | E35: עמודות נערמות | H35: SCN_001_S | I35: E | J35: כן | K35: ג | L35: =IF(J35="כן", K35, VLOOKUP(LEFT(H35, 7), 'קטלוג תרחישים'!$A:$M, 13, FALSE)) -> ג | N35: C | O35: {=_xlfn.IFS(N35="A","א'", N35="B", "ב'", N35= "C", "ג'")} -> ג' | P35: =IF(Table_2[[#This Row],[Correct_Answer]]=Table_2[[#This Row],[System_Recommendation]],1,0) -> 1
A36: P002 | B36: 2 | C36: תרגול | E36: עמודות נערמות | H36: SCN_031_S | I36: E | J36: כן | K36: א' | L36: =IF(J36="כן", K36, VLOOKUP(LEFT(H36, 7), 'קטלוג תרחישים'!$A:$M, 13, FALSE)) -> א' | N36: A | O36: {=_xlfn.IFS(N36="A","א'", N36="B", "ב'", N36= "C", "ג'")} -> א' | P36: =IF(Table_2[[#This Row],[Correct_Answer]]=Table_2[[#This Row],[System_Recommendation]],1,0) -> 1
A37: P002 | B37: 3 | C37: תרגול | E37: רדאר | H37: SCN_002_R | I37: E | J37: כן | K37: א' | L37: =IF(J37="כן", K37, VLOOKUP(LEFT(H37, 7), 'קטלוג תרחישים'!$A:$M, 13, FALSE)) -> א' | N37: A | O37: {=_xlfn.IFS(N37="A","א'", N37="B", "ב'", N37= "C", "ג'")} -> א' | P37: =IF(Table_2[[#This Row],[Correct_Answer]]=Table_2[[#This Row],[System_Recommendation]],1,0) -> 1
A38: P002 | B38: 4 | C38: תרגול | E38: רדאר | H38: SCN_032_R | I38: E | J38: כן | K38: א' | L38: =IF(J38="כן", K38, VLOOKUP(LEFT(H38, 7), 'קטלוג תרחישים'!$A:$M, 13, FALSE)) -> א' | N38: A | O38: {=_xlfn.IFS(N38="A","א'", N38="B", "ב'", N38= "C", "ג'")} -> א' | P38: =IF(Table_2[[#This Row],[Correct_Answer]]=Table_2[[#This Row],[System_Recommendation]],1,0) -> 1
A39: P002 | B39: 5 | C39: תרגול | E39: מפת חום | H39: SCN_003_H | I39: E | J39: כן | K39: ב' | L39: =IF(J39="כן", K39, VLOOKUP(LEFT(H39, 7), 'קטלוג תרחישים'!$A:$M, 13, FALSE)) -> ב' | N39: B | O39: {=_xlfn.IFS(N39="A","א'", N39="B", "ב'", N39= "C", "ג'")} -> ב' | P39: =IF(Table_2[[#This Row],[Correct_Answer]]=Table_2[[#This Row],[System_Recommendation]],1,0) -> 1
A40: P002 | B40: 6 | C40: תרגול | E40: מפת חום | H40: SCN_033_H | I40: E | J40: כן | K40: ב' | L40: =IF(J40="כן", K40, VLOOKUP(LEFT(H40, 7), 'קטלוג תרחישים'!$A:$M, 13, FALSE)) -> ב' | N40: B | O40: {=_xlfn.IFS(N40="A","א'", N40="B", "ב'", N40= "C", "ג'")} -> ב' | P40: =IF(Table_2[[#This Row],[Correct_Answer]]=Table_2[[#This Row],[System_Recommendation]],1,0) -> 1
A41: P002 | B41: 7 | C41: ניסוי | D41: 1 | E41: מפת חום | F41: M1 | G41: SUB | H41: SCN_005_H | I41: E | J41: כן | K41: ג | L41: =IF(J41="כן", K41, VLOOKUP(LEFT(H41, 7), 'קטלוג תרחישים'!$A:$M, 13, FALSE)) -> ג | N41: C | O41: {=_xlfn.IFS(N41="A","א'", N41="B", "ב'", N41= "C", "ג'")} -> ג' | P41: =IF(Table_2[[#This Row],[Correct_Answer]]=Table_2[[#This Row],[System_Recommendation]],1,0) -> 1
A42: P002 | B42: 8 | C42: ניסוי | D42: 1 | E42: מפת חום | F42: M1 | G42: SUB | H42: SCN_010_H | I42: H | J42: לא | K42: ג | L42: =IF(J42="כן", K42, VLOOKUP(LEFT(H42, 7), 'קטלוג תרחישים'!$A:$M, 13, FALSE)) -> ב' | N42: C | O42: {=_xlfn.IFS(N42="A","א'", N42="B", "ב'", N42= "C", "ג'")} -> ג' | P42: =IF(Table_2[[#This Row],[Correct_Answer]]=Table_2[[#This Row],[System_Recommendation]],1,0) -> 0
A43: P002 | B43: 9 | C43: ניסוי | D43: 1 | E43: מפת חום | F43: M1 | G43: SUB | H43: SCN_011_H | I43: E | J43: לא | K43: ג | L43: =IF(J43="כן", K43, VLOOKUP(LEFT(H43, 7), 'קטלוג תרחישים'!$A:$M, 13, FALSE)) -> א' | N43: C | O43: {=_xlfn.IFS(N43="A","א'", N43="B", "ב'", N43= "C", "ג'")} -> ג' | P43: =IF(Table_2[[#This Row],[Correct_Answer]]=Table_2[[#This Row],[System_Recommendation]],1,0) -> 0
A44: P002 | B44: 10 | C44: ניסוי | D44: 1 | E44: מפת חום | F44: M1 | G44: SUB | H44: SCN_013_H | I44: H | J44: כן | K44: ב' | L44: =IF(J44="כן", K44, VLOOKUP(LEFT(H44, 7), 'קטלוג תרחישים'!$A:$M, 13, FALSE)) -> ב' | N44: B | O44: {=_xlfn.IFS(N44="A","א'", N44="B", "ב'", N44= "C", "ג'")} -> ב' | P44: =IF(Table_2[[#This Row],[Correct_Answer]]=Table_2[[#This Row],[System_Recommendation]],1,0) -> 1
A45: P002 | B45: 11 | C45: ניסוי | D45: 2 | E45: עמודות נערמות | F45: M1 | G45: SUB | H45: SCN_023_S | I45: E | J45: כן | K45: א' | L45: =IF(J45="כן", K45, VLOOKUP(LEFT(H45, 7), 'קטלוג תרחישים'!$A:$M, 13, FALSE)) -> א' | N45: A | O45: {=_xlfn.IFS(N45="A","א'", N45="B", "ב'", N45= "C", "ג'")} -> א' | P45: =IF(Table_2[[#This Row],[Correct_Answer]]=Table_2[[#This Row],[System_Recommendation]],1,0) -> 1
A46: P002 | B46: 12 | C46: ניסוי | D46: 2 | E46: עמודות נערמות | F46: M1 | G46: SUB | H46: SCN_022_S | I46: H | J46: כן | K46: ג | L46: =IF(J46="כן", K46, VLOOKUP(LEFT(H46, 7), 'קטלוג תרחישים'!$A:$M, 13, FALSE)) -> ג | N46: C | O46: {=_xlfn.IFS(N46="A","א'", N46="B", "ב'", N46= "C", "ג'")} -> ג' | P46: =IF(Table_2[[#This Row],[Correct_Answer]]=Table_2[[#This Row],[System_Recommendation]],1,0) -> 1
A47: P002 | B47: 13 | C47: ניסוי | D47: 2 | E47: עמודות נערמות | F47: M1 | G47: SUB | H47: SCN_021_S | I47: E | J47: לא | K47: ג | L47: =IF(J47="כן", K47, VLOOKUP(LEFT(H47, 7), 'קטלוג תרחישים'!$A:$M, 13, FALSE)) -> ג' | N47: C | O47: {=_xlfn.IFS(N47="A","א'", N47="B", "ב'", N47= "C", "ג'")} -> ג' | P47: =IF(Table_2[[#This Row],[Correct_Answer]]=Table_2[[#This Row],[System_Recommendation]],1,0) -> 0
A48: P002 | B48: 14 | C48: ניסוי | D48: 2 | E48: עמודות נערמות | F48: M1 | G48: SUB | H48: SCN_029_S | I48: H | J48: לא | K48: ב' | L48: =IF(J48="כן", K48, VLOOKUP(LEFT(H48, 7), 'קטלוג תרחישים'!$A:$M, 13, FALSE)) -> ג' | N48: B | O48: {=_xlfn.IFS(N48="A","א'", N48="B", "ב'", N48= "C", "ג'")} -> ב' | P48: =IF(Table_2[[#This Row],[Correct_Answer]]=Table_2[[#This Row],[System_Recommendation]],1,0) -> 0
A49: P002 | B49: 15 | C49: ניסוי | D49: 3 | E49: רדאר | F49: M1 | G49: SUB | H49: SCN_015_R | I49: E | J49: כן | K49: ב' | L49: =IF(J49="כן", K49, VLOOKUP(LEFT(H49, 7), 'קטלוג תרחישים'!$A:$M, 13, FALSE)) -> ב' | N49: B | O49: {=_xlfn.IFS(N49="A","א'", N49="B", "ב'", N49= "C", "ג'")} -> ב' | P49: =IF(Table_2[[#This Row],[Correct_Answer]]=Table_2[[#This Row],[System_Recommendation]],1,0) -> 1
A50: P002 | B50: 16 | C50: ניסוי | D50: 3 | E50: רדאר | F50: M1 | G50: SUB | H50: SCN_018_R | I50: H | J50: כן | K50: ב' | L50: =IF(J50="כן", K50, VLOOKUP(LEFT(H50, 7), 'קטלוג תרחישים'!$A:$M, 13, FALSE)) -> ב' | N50: B | O50: {=_xlfn.IFS(N50="A","א'", N50="B", "ב'", N50= "C", "ג'")} -> ב' | P50: =IF(Table_2[[#This Row],[Correct_Answer]]=Table_2[[#This Row],[System_Recommendation]],1,0) -> 1
A51: P002 | B51: 17 | C51: ניסוי | D51: 3 | E51: רדאר | F51: M1 | G51: SUB | H51: SCN_019_R | I51: E | J51: לא | K51: א' | L51: =IF(J51="כן", K51, VLOOKUP(LEFT(H51, 7), 'קטלוג תרחישים'!$A:$M, 13, FALSE)) -> א' | N51: A | O51: {=_xlfn.IFS(N51="A","א'", N51="B", "ב'", N51= "C", "ג'")} -> א' | P51: =IF(Table_2[[#This Row],[Correct_Answer]]=Table_2[[#This Row],[System_Recommendation]],1,0) -> 1
A52: P002 | B52: 18 | C52: ניסוי | D52: 3 | E52: רדאר | F52: M1 | G52: SUB | H52: SCN_020_R | I52: H | J52: לא | K52: ג | L52: =IF(J52="כן", K52, VLOOKUP(LEFT(H52, 7), 'קטלוג תרחישים'!$A:$M, 13, FALSE)) -> ב' | N52: C | O52: {=_xlfn.IFS(N52="A","א'", N52="B", "ב'", N52= "C", "ג'")} -> ג' | P52: =IF(Table_2[[#This Row],[Correct_Answer]]=Table_2[[#This Row],[System_Recommendation]],1,0) -> 0
... A67: P002 | B67: 33 | C67: ניסוי | D67: 3 | E67: עמודות נערמות | F67: M2 | G67: OPT | H67: SCN_028_S | I67: H | J67: לא | K67: א' | L67: =IF(J67="כן", K67, VLOOKUP(LEFT(H67, 7), 'קטלוג תרחישים'!$A:$M, 13, FALSE)) -> א' | N67: A | O67: {=_xlfn.IFS(N67="A","א'", N67="B", "ב'", N67= "C", "ג'")} -> א' | P67: =IF(Table_2[[#This Row],[Correct_Answer]]=Table_2[[#This Row],[System_Recommendation]],1,0) -> 1
A68: P003 | B68: 1 | C68: תרגול | E68: עמודות נערמות | H68: SCN_001_S | I68: E | J68: כן | K68: ג | L68: =IF(J68="כן", K68, VLOOKUP(LEFT(H68, 7), 'קטלוג תרחישים'!$A:$M, 13, FALSE)) -> ג | N68: C | O68: {=_xlfn.IFS(N68="A","א'", N68="B", "ב'", N68= "C", "ג'")} -> ג' | P68: =IF(Table_2[[#This Row],[Correct_Answer]]=Table_2[[#This Row],[System_Recommendation]],1,0) -> 1
A69: P003 | B69: 2 | C69: תרגול | E69: עמודות נערמות | H69: SCN_031_S | I69: E | J69: כן | K69: ג | L69: =IF(J69="כן", K69, VLOOKUP(LEFT(H69, 7), 'קטלוג תרחישים'!$A:$M, 13, FALSE)) -> ג | N69: C | O69: {=_xlfn.IFS(N69="A","א'", N69="B", "ב'", N69= "C", "ג'")} -> ג' | P69: =IF(Table_2[[#This Row],[Correct_Answer]]=Table_2[[#This Row],[System_Recommendation]],1,0) -> 1
A70: P003 | B70: 3 | C70: תרגול | E70: רדאר | H70: SCN_002_R | I70: E | J70: כן | K70: א' | L70: =IF(J70="כן", K70, VLOOKUP(LEFT(H70, 7), 'קטלוג תרחישים'!$A:$M, 13, FALSE)) -> א' | N70: A | O70: {=_xlfn.IFS(N70="A","א'", N70="B", "ב'", N70= "C", "ג'")} -> א' | P70: =IF(Table_2[[#This Row],[Correct_Answer]]=Table_2[[#This Row],[System_Recommendation]],1,0) -> 1
A71: P003 | B71: 4 | C71: תרגול | E71: רדאר | H71: SCN_032_R | I71: E | J71: כן | K71: א' | L71: =IF(J71="כן", K71, VLOOKUP(LEFT(H71, 7), 'קטלוג תרחישים'!$A:$M, 13, FALSE)) -> א' | N71: A | O71: {=_xlfn.IFS(N71="A","א'", N71="B", "ב'", N71= "C", "ג'")} -> א' | P71: =IF(Table_2[[#This Row],[Correct_Answer]]=Table_2[[#This Row],[System_Recommendation]],1,0) -> 1
A72: P003 | B72: 5 | C72: תרגול | E72: מפת חום | H72: SCN_003_H | I72: E | J72: כן | K72: א' | L72: =IF(J72="כן", K72, VLOOKUP(LEFT(H72, 7), 'קטלוג תרחישים'!$A:$M, 13, FALSE)) -> א' | N72: A | O72: {=_xlfn.IFS(N72="A","א'", N72="B", "ב'", N72= "C", "ג'")} -> א' | P72: =IF(Table_2[[#This Row],[Correct_Answer]]=Table_2[[#This Row],[System_Recommendation]],1,0) -> 1
A73: P003 | B73: 6 | C73: תרגול | E73: מפת חום | H73: SCN_033_H | I73: E | J73: כן | K73: ב' | L73: =IF(J73="כן", K73, VLOOKUP(LEFT(H73, 7), 'קטלוג תרחישים'!$A:$M, 13, FALSE)) -> ב' | N73: B | O73: {=_xlfn.IFS(N73="A","א'", N73="B", "ב'", N73= "C", "ג'")} -> ב' | P73: =IF(Table_2[[#This Row],[Correct_Answer]]=Table_2[[#This Row],[System_Recommendation]],1,0) -> 1
A74: P003 | B74: 7 | C74: ניסוי | D74: 1 | E74: מפת חום | F74: M1 | G74: OPT | H74: SCN_009_H | I74: E | J74: כן | K74: ב' | L74: =IF(J74="כן", K74, VLOOKUP(LEFT(H74, 7), 'קטלוג תרחישים'!$A:$M, 13, FALSE)) -> ב' | N74: B | O74: {=_xlfn.IFS(N74="A","א'", N74="B", "ב'", N74= "C", "ג'")} -> ב' | P74: =IF(Table_2[[#This Row],[Correct_Answer]]=Table_2[[#This Row],[System_Recommendation]],1,0) -> 1
A75: P003 | B75: 8 | C75: ניסוי | D75: 1 | E75: מפת חום | F75: M1 | G75: OPT | H75: SCN_008_H | I75: H | J75: כן | K75: ג | L75: =IF(J75="כן", K75, VLOOKUP(LEFT(H75, 7), 'קטלוג תרחישים'!$A:$M, 13, FALSE)) -> ג | N75: C | O75: {=_xlfn.IFS(N75="A","א'", N75="B", "ב'", N75= "C", "ג'")} -> ג' | P75: =IF(Table_2[[#This Row],[Correct_Answer]]=Table_2[[#This Row],[System_Recommendation]],1,0) -> 1
A76: P003 | B76: 9 | C76: ניסוי | D76: 1 | E76: מפת חום | F76: M1 | G76: OPT | H76: SCN_004_H | I76: E | J76: כן | K76: ג | L76: =IF(J76="כן", K76, VLOOKUP(LEFT(H76, 7), 'קטלוג תרחישים'!$A:$M, 13, FALSE)) -> ג | N76: C | O76: {=_xlfn.IFS(N76="A","א'", N76="B", "ב'", N76= "C", "ג'")} -> ג' | P76: =IF(Table_2[[#This Row],[Correct_Answer]]=Table_2[[#This Row],[System_Recommendation]],1,0) -> 1
A77: P003 | B77: 10 | C77: ניסוי | D77: 1 | E77: מפת חום | F77: M1 | G77: OPT | H77: SCN_006_H | I77: H | J77: כן | K77: ב' | L77: =IF(J77="כן", K77, VLOOKUP(LEFT(H77, 7), 'קטלוג תרחישים'!$A:$M, 13, FALSE)) -> ב' | N77: B | O77: {=_xlfn.IFS(N77="A","א'", N77="B", "ב'", N77= "C", "ג'")} -> ב' | P77: =IF(Table_2[[#This Row],[Correct_Answer]]=Table_2[[#This Row],[System_Recommendation]],1,0) -> 1
A78: P003 | B78: 11 | C78: ניסוי | D78: 1 | E78: מפת חום | F78: M1 | G78: OPT | H78: SCN_007_H | I78: E | J78: לא | K78: א' | L78: =IF(J78="כן", K78, VLOOKUP(LEFT(H78, 7), 'קטלוג תרחישים'!$A:$M, 13, FALSE)) -> א' | N78: A | O78: {=_xlfn.IFS(N78="A","א'", N78="B", "ב'", N78= "C", "ג'")} -> א' | P78: =IF(Table_2[[#This Row],[Correct_Answer]]=Table_2[[#This Row],[System_Recommendation]],1,0) -> 1
A79: P003 | B79: 12 | C79: ניסוי | D79: 2 | E79: עמודות נערמות | F79: M1 | G79: OPT | H79: SCN_024_S | I79: H | J79: כן | K79: ג | L79: =IF(J79="כן", K79, VLOOKUP(LEFT(H79, 7), 'קטלוג תרחישים'!$A:$M, 13, FALSE)) -> ג | N79: C | O79: {=_xlfn.IFS(N79="A","א'", N79="B", "ב'", N79= "C", "ג'")} -> ג' | P79: =IF(Table_2[[#This Row],[Correct_Answer]]=Table_2[[#This Row],[System_Recommendation]],1,0) -> 1
A80: P003 | B80: 13 | C80: ניסוי | D80: 2 | E80: עמודות נערמות | F80: M1 | G80: OPT | H80: SCN_027_S | I80: E | J80: כן | K80: ג | L80: =IF(J80="כן", K80, VLOOKUP(LEFT(H80, 7), 'קטלוג תרחישים'!$A:$M, 13, FALSE)) -> ג | N80: C | O80: {=_xlfn.IFS(N80="A","א'", N80="B", "ב'", N80= "C", "ג'")} -> ג' | P80: =IF(Table_2[[#This Row],[Correct_Answer]]=Table_2[[#This Row],[System_Recommendation]],1,0) -> 1
A81: P003 | B81: 14 | C81: ניסוי | D81: 2 | E81: עמודות נערמות | F81: M1 | G81: OPT | H81: SCN_026_S | I81: H | J81: כן | K81: ב' | L81: =IF(J81="כן", K81, VLOOKUP(LEFT(H81, 7), 'קטלוג תרחישים'!$A:$M, 13, FALSE)) -> ב' | N81: B | O81: {=_xlfn.IFS(N81="A","א'", N81="B", "ב'", N81= "C", "ג'")} -> ב' | P81: =IF(Table_2[[#This Row],[Correct_Answer]]=Table_2[[#This Row],[System_Recommendation]],1,0) -> 1
A82: P003 | B82: 15 | C82: ניסוי | D82: 2 | E82: עמודות נערמות | F82: M1 | G82: OPT | H82: SCN_030_S | I82: E | J82: לא | K82: ב' | L82: =IF(J82="כן", K82, VLOOKUP(LEFT(H82, 7), 'קטלוג תרחישים'!$A:$M, 13, FALSE)) -> ב' | N82: B | O82: {=_xlfn.IFS(N82="A","א'", N82="B", "ב'", N82= "C", "ג'")} -> ב' | P82: =IF(Table_2[[#This Row],[Correct_Answer]]=Table_2[[#This Row],[System_Recommendation]],1,0) -> 1
A83: P003 | B83: 16 | C83: ניסוי | D83: 2 | E83: עמודות נערמות | F83: M1 | G83: OPT | H83: SCN_028_S | I83: H | J83: כן | K83: ב' | L83: =IF(J83="כן", K83, VLOOKUP(LEFT(H83, 7), 'קטלוג תרחישים'!$A:$M, 13, FALSE)) -> ב' | N83: B | O83: {=_xlfn.IFS(N83="A","א'", N83="B", "ב'", N83= "C", "ג'")} -> ב' | P83: =IF(Table_2[[#This Row],[Correct_Answer]]=Table_2[[#This Row],[System_Recommendation]],1,0) -> 1
A84: P003 | B84: 17 | C84: ניסוי | D84: 3 | E84: רדאר | F84: M1 | G84: OPT | H84: SCN_014_R | I84: E | J84: כן | K84: א' | L84: =IF(J84="כן", K84, VLOOKUP(LEFT(H84, 7), 'קטלוג תרחישים'!$A:$M, 13, FALSE)) -> א' | N84: A | O84: {=_xlfn.IFS(N84="A","א'", N84="B", "ב'", N84= "C", "ג'")} -> א' | P84: =IF(Table_2[[#This Row],[Correct_Answer]]=Table_2[[#This Row],[System_Recommendation]],1,0) -> 1
A85: P003 | B85: 18 | C85: ניסוי | D85: 3 | E85: רדאר | F85: M1 | G85: OPT | H85: SCN_016_R | I85: H | J85: כן | K85: ג | L85: =IF(J85="כן", K85, VLOOKUP(LEFT(H85, 7), 'קטלוג תרחישים'!$A:$M, 13, FALSE)) -> ג | N85: C | O85: {=_xlfn.IFS(N85="A","א'", N85="B", "ב'", N85= "C", "ג'")} -> ג' | P85: =IF(Table_2[[#This Row],[Correct_Answer]]=Table_2[[#This Row],[System_Recommendation]],1,0) -> 1
... A100: P003 | B100: 33 | C100: ניסוי | D100: 3 | E100: מפת חום | F100: M2 | G100: SUB | H100: SCN_013_H | I100: H | J100: לא | K100: א' | L100: =IF(J100="כן", K100, VLOOKUP(LEFT(H100, 7), 'קטלוג תרחישים'!$A:$M, 13, FALSE)) -> א' | N100: A | O100: {=_xlfn.IFS(N100="A","א'", N100="B", "ב'", N100= "C", "ג'")} -> א' | P100: =IF(Table_2[[#This Row],[Correct_Answer]]=Table_2[[#This Row],[System_Recommendation]],1,0) -> 1
A101: P004 | B101: 1 | C101: תרגול | E101: עמודות נערמות | H101: SCN_001_S | I101: E | J101: כן | K101: ג | L101: =IF(J101="כן", K101, VLOOKUP(LEFT(H101, 7), 'קטלוג תרחישים'!$A:$M, 13, FALSE)) -> ג | N101: C | O101: {=_xlfn.IFS(N101="A","א'", N101="B", "ב'", N101= "C", "ג'")} -> ג' | P101: =IF(Table_2[[#This Row],[Correct_Answer]]=Table_2[[#This Row],[System_Recommendation]],1,0) -> 1
A102: P004 | B102: 2 | C102: תרגול | E102: עמודות נערמות | H102: SCN_031_S | I102: E | J102: כן | K102: ג | L102: =IF(J102="כן", K102, VLOOKUP(LEFT(H102, 7), 'קטלוג תרחישים'!$A:$M, 13, FALSE)) -> ג | N102: C | O102: {=_xlfn.IFS(N102="A","א'", N102="B", "ב'", N102= "C", "ג'")} -> ג' | P102: =IF(Table_2[[#This Row],[Correct_Answer]]=Table_2[[#This Row],[System_Recommendation]],1,0) -> 1
A103: P004 | B103: 3 | C103: תרגול | E103: רדאר | H103: SCN_002_R | I103: E | J103: כן | K103: ג | L103: =IF(J103="כן", K103, VLOOKUP(LEFT(H103, 7), 'קטלוג תרחישים'!$A:$M, 13, FALSE)) -> ג | N103: C | O103: {=_xlfn.IFS(N103="A","א'", N103="B", "ב'", N103= "C", "ג'")} -> ג' | P103: =IF(Table_2[[#This Row],[Correct_Answer]]=Table_2[[#This Row],[System_Recommendation]],1,0) -> 1
A104: P004 | B104: 4 | C104: תרגול | E104: רדאר | H104: SCN_032_R | I104: E | J104: כן | K104: א' | L104: =IF(J104="כן", K104, VLOOKUP(LEFT(H104, 7), 'קטלוג תרחישים'!$A:$M, 13, FALSE)) -> א' | N104: A | O104: {=_xlfn.IFS(N104="A","א'", N104="B", "ב'", N104= "C", "ג'")} -> א' | P104: =IF(Table_2[[#This Row],[Correct_Answer]]=Table_2[[#This Row],[System_Recommendation]],1,0) -> 1
A105: P004 | B105: 5 | C105: תרגול | E105: מפת חום | H105: SCN_003_H | I105: E | J105: כן | K105: א' | L105: =IF(J105="כן", K105, VLOOKUP(LEFT(H105, 7), 'קטלוג תרחישים'!$A:$M, 13, FALSE)) -> א' | N105: A | O105: {=_xlfn.IFS(N105="A","א'", N105="B", "ב'", N105= "C", "ג'")} -> א' | P105: =IF(Table_2[[#This Row],[Correct_Answer]]=Table_2[[#This Row],[System_Recommendation]],1,0) -> 1
A106: P004 | B106: 6 | C106: תרגול | E106: מפת חום | H106: SCN_033_H | I106: E | J106: כן | K106: א' | L106: =IF(J106="כן", K106, VLOOKUP(LEFT(H106, 7), 'קטלוג תרחישים'!$A:$M, 13, FALSE)) -> א' | N106: A | O106: {=_xlfn.IFS(N106="A","א'", N106="B", "ב'", N106= "C", "ג'")} -> א' | P106: =IF(Table_2[[#This Row],[Correct_Answer]]=Table_2[[#This Row],[System_Recommendation]],1,0) -> 1
A107: P004 | B107: 7 | C107: ניסוי | D107: 1 | E107: רדאר | F107: M1 | G107: SUB | H107: SCN_019_R | I107: E | J107: כן | K107: ב' | L107: =IF(J107="כן", K107, VLOOKUP(LEFT(H107, 7), 'קטלוג תרחישים'!$A:$M, 13, FALSE)) -> ב' | N107: B | O107: {=_xlfn.IFS(N107="A","א'", N107="B", "ב'", N107= "C", "ג'")} -> ב' | P107: =IF(Table_2[[#This Row],[Correct_Answer]]=Table_2[[#This Row],[System_Recommendation]],1,0) -> 1
A108: P004 | B108: 8 | C108: ניסוי | D108: 1 | E108: רדאר | F108: M1 | G108: SUB | H108: SCN_020_R | I108: H | J108: כן | K108: ב' | L108: =IF(J108="כן", K108, VLOOKUP(LEFT(H108, 7), 'קטלוג תרחישים'!$A:$M, 13, FALSE)) -> ב' | N108: B | O108: {=_xlfn.IFS(N108="A","א'", N108="B", "ב'", N108= "C", "ג'")} -> ב' | P108: =IF(Table_2[[#This Row],[Correct_Answer]]=Table_2[[#This Row],[System_Recommendation]],1,0) -> 1
A109: P004 | B109: 9 | C109: ניסוי | D109: 1 | E109: רדאר | F109: M1 | G109: SUB | H109: SCN_015_R | I109: E | J109: לא | K109: ג | L109: =IF(J109="כן", K109, VLOOKUP(LEFT(H109, 7), 'קטלוג תרחישים'!$A:$M, 13, FALSE)) -> ב' | N109: C | O109: {=_xlfn.IFS(N109="A","א'", N109="B", "ב'", N109= "C", "ג'")} -> ג' | P109: =IF(Table_2[[#This Row],[Correct_Answer]]=Table_2[[#This Row],[System_Recommendation]],1,0) -> 0
A110: P004 | B110: 10 | C110: ניסוי | D110: 1 | E110: רדאר | F110: M1 | G110: SUB | H110: SCN_018_R | I110: H | J110: לא | K110: ב' | L110: =IF(J110="כן", K110, VLOOKUP(LEFT(H110, 7), 'קטלוג תרחישים'!$A:$M, 13, FALSE)) -> ב' | N110: B | O110: {=_xlfn.IFS(N110="A","א'", N110="B", "ב'", N110= "C", "ג'")} -> ב' | P110: =IF(Table_2[[#This Row],[Correct_Answer]]=Table_2[[#This Row],[System_Recommendation]],1,0) -> 1
A111: P004 | B111: 11 | C111: ניסוי | D111: 2 | E111: מפת חום | F111: M1 | G111: SUB | H111: SCN_011_H | I111: E | J111: כן | K111: א' | L111: =IF(J111="כן", K111, VLOOKUP(LEFT(H111, 7), 'קטלוג תרחישים'!$A:$M, 13, FALSE)) -> א' | N111: A | O111: {=_xlfn.IFS(N111="A","א'", N111="B", "ב'", N111= "C", "ג'")} -> א' | P111: =IF(Table_2[[#This Row],[Correct_Answer]]=Table_2[[#This Row],[System_Recommendation]],1,0) -> 1
A112: P004 | B112: 12 | C112: ניסוי | D112: 2 | E112: מפת חום | F112: M1 | G112: SUB | H112: SCN_010_H | I112: H | J112: כן | K112: ג | L112: =IF(J112="כן", K112, VLOOKUP(LEFT(H112, 7), 'קטלוג תרחישים'!$A:$M, 13, FALSE)) -> ג | N112: C | O112: {=_xlfn.IFS(N112="A","א'", N112="B", "ב'", N112= "C", "ג'")} -> ג' | P112: =IF(Table_2[[#This Row],[Correct_Answer]]=Table_2[[#This Row],[System_Recommendation]],1,0) -> 1
A113: P004 | B113: 13 | C113: ניסוי | D113: 2 | E113: מפת חום | F113: M1 | G113: SUB | H113: SCN_005_H | I113: E | J113: לא | K113: ג | L113: =IF(J113="כן", K113, VLOOKUP(LEFT(H113, 7), 'קטלוג תרחישים'!$A:$M, 13, FALSE)) -> א' | N113: C | O113: {=_xlfn.IFS(N113="A","א'", N113="B", "ב'", N113= "C", "ג'")} -> ג' | P113: =IF(Table_2[[#This Row],[Correct_Answer]]=Table_2[[#This Row],[System_Recommendation]],1,0) -> 0
A114: P004 | B114: 14 | C114: ניסוי | D114: 2 | E114: מפת חום | F114: M1 | G114: SUB | H114: SCN_013_H | I114: H | J114: לא | K114: ב' | L114: =IF(J114="כן", K114, VLOOKUP(LEFT(H114, 7), 'קטלוג תרחישים'!$A:$M, 13, FALSE)) -> א' | N114: B | O114: {=_xlfn.IFS(N114="A","א'", N114="B", "ב'", N114= "C", "ג'")} -> ב' | P114: =IF(Table_2[[#This Row],[Correct_Answer]]=Table_2[[#This Row],[System_Recommendation]],1,0) -> 0
A115: P004 | B115: 15 | C115: ניסוי | D115: 3 | E115: עמודות נערמות | F115: M1 | G115: SUB | H115: SCN_023_S | I115: E | J115: לא | K115: ב' | L115: =IF(J115="כן", K115, VLOOKUP(LEFT(H115, 7), 'קטלוג תרחישים'!$A:$M, 13, FALSE)) -> א' | N115: B | O115: {=_xlfn.IFS(N115="A","א'", N115="B", "ב'", N115= "C", "ג'")} -> ב' | P115: =IF(Table_2[[#This Row],[Correct_Answer]]=Table_2[[#This Row],[System_Recommendation]],1,0) -> 0
A116: P004 | B116: 16 | C116: ניסוי | D116: 3 | E116: עמודות נערמות | F116: M1 | G116: SUB | H116: SCN_022_S | I116: H | J116: לא | K116: ב' | L116: =IF(J116="כן", K116, VLOOKUP(LEFT(H116, 7), 'קטלוג תרחישים'!$A:$M, 13, FALSE)) -> ב' | N116: B | O116: {=_xlfn.IFS(N116="A","א'", N116="B", "ב'", N116= "C", "ג'")} -> ב' | P116: =IF(Table_2[[#This Row],[Correct_Answer]]=Table_2[[#This Row],[System_Recommendation]],1,0) -> 1
A117: P004 | B117: 17 | C117: ניסוי | D117: 3 | E117: עמודות נערמות | F117: M1 | G117: SUB | H117: SCN_021_S | I117: E | J117: כן | K117: א' | L117: =IF(J117="כן", K117, VLOOKUP(LEFT(H117, 7), 'קטלוג תרחישים'!$A:$M, 13, FALSE)) -> א' | N117: A | O117: {=_xlfn.IFS(N117="A","א'", N117="B", "ב'", N117= "C", "ג'")} -> א' | P117: =IF(Table_2[[#This Row],[Correct_Answer]]=Table_2[[#This Row],[System_Recommendation]],1,0) -> 1
A118: P004 | B118: 18 | C118: ניסוי | D118: 3 | E118: עמודות נערמות | F118: M1 | G118: SUB | H118: SCN_029_S | I118: H | J118: כן | K118: ג | L118: =IF(J118="כן", K118, VLOOKUP(LEFT(H118, 7), 'קטלוג תרחישים'!$A:$M, 13, FALSE)) -> ג | N118: C | O118: {=_xlfn.IFS(N118="A","א'", N118="B", "ב'", N118= "C", "ג'")} -> ג' | P118: =IF(Table_2[[#This Row],[Correct_Answer]]=Table_2[[#This Row],[System_Recommendation]],1,0) -> 1
... A133: P004 | B133: 33 | C133: ניסוי | D133: 3 | E133: מפת חום | F133: M2 | G133: OPT | H133: SCN_007_H | I133: E | J133: כן | K133: א' | L133: =IF(J133="כן", K133, VLOOKUP(LEFT(H133, 7), 'קטלוג תרחישים'!$A:$M, 13, FALSE)) -> א' | N133: A | O133: {=_xlfn.IFS(N133="A","א'", N133="B", "ב'", N133= "C", "ג'")} -> א' | P133: =IF(Table_2[[#This Row],[Correct_Answer]]=Table_2[[#This Row],[System_Recommendation]],1,0) -> 1
A134: P005 | B134: 1 | C134: תרגול | E134: עמודות נערמות | H134: SCN_001_S | I134: E | J134: כן | K134: ג | L134: =IF(J134="כן", K134, VLOOKUP(LEFT(H134, 7), 'קטלוג תרחישים'!$A:$M, 13, FALSE)) -> ג | N134: C | O134: {=_xlfn.IFS(N134="A","א'", N134="B", "ב'", N134= "C", "ג'")} -> ג' | P134: =IF(Table_2[[#This Row],[Correct_Answer]]=Table_2[[#This Row],[System_Recommendation]],1,0) -> 1
A135: P005 | B135: 2 | C135: תרגול | E135: עמודות נערמות | H135: SCN_031_S | I135: E | J135: כן | K135: ג | L135: =IF(J135="כן", K135, VLOOKUP(LEFT(H135, 7), 'קטלוג תרחישים'!$A:$M, 13, FALSE)) -> ג | N135: C | O135: {=_xlfn.IFS(N135="A","א'", N135="B", "ב'", N135= "C", "ג'")} -> ג' | P135: =IF(Table_2[[#This Row],[Correct_Answer]]=Table_2[[#This Row],[System_Recommendation]],1,0) -> 1
A136: P005 | B136: 3 | C136: תרגול | E136: רדאר | H136: SCN_002_R | I136: E | J136: כן | K136: ג | L136: =IF(J136="כן", K136, VLOOKUP(LEFT(H136, 7), 'קטלוג תרחישים'!$A:$M, 13, FALSE)) -> ג | N136: C | O136: {=_xlfn.IFS(N136="A","א'", N136="B", "ב'", N136= "C", "ג'")} -> ג' | P136: =IF(Table_2[[#This Row],[Correct_Answer]]=Table_2[[#This Row],[System_Recommendation]],1,0) -> 1
A137: P005 | B137: 4 | C137: תרגול | E137: רדאר | H137: SCN_032_R | I137: E | J137: כן | K137: ב' | L137: =IF(J137="כן", K137, VLOOKUP(LEFT(H137, 7), 'קטלוג תרחישים'!$A:$M, 13, FALSE)) -> ב' | N137: B | O137: {=_xlfn.IFS(N137="A","א'", N137="B", "ב'", N137= "C", "ג'")} -> ב' | P137: =IF(Table_2[[#This Row],[Correct_Answer]]=Table_2[[#This Row],[System_Recommendation]],1,0) -> 1
A138: P005 | B138: 5 | C138: תרגול | E138: מפת חום | H138: SCN_003_H | I138: E | J138: כן | K138: א' | L138: =IF(J138="כן", K138, VLOOKUP(LEFT(H138, 7), 'קטלוג תרחישים'!$A:$M, 13, FALSE)) -> א' | N138: A | O138: {=_xlfn.IFS(N138="A","א'", N138="B", "ב'", N138= "C", "ג'")} -> א' | P138: =IF(Table_2[[#This Row],[Correct_Answer]]=Table_2[[#This Row],[System_Recommendation]],1,0) -> 1
A139: P005 | B139: 6 | C139: תרגול | E139: מפת חום | H139: SCN_033_H | I139: E | J139: כן | K139: א' | L139: =IF(J139="כן", K139, VLOOKUP(LEFT(H139, 7), 'קטלוג תרחישים'!$A:$M, 13, FALSE)) -> א' | N139: A | O139: {=_xlfn.IFS(N139="A","א'", N139="B", "ב'", N139= "C", "ג'")} -> א' | P139: =IF(Table_2[[#This Row],[Correct_Answer]]=Table_2[[#This Row],[System_Recommendation]],1,0) -> 1
A140: P005 | B140: 7 | C140: ניסוי | D140: 1 | E140: רדאר | F140: M1 | G140: OPT | H140: SCN_017_R | I140: E | J140: כן | K140: א' | L140: =IF(J140="כן", K140, VLOOKUP(LEFT(H140, 7), 'קטלוג תרחישים'!$A:$M, 13, FALSE)) -> א' | N140: A | O140: {=_xlfn.IFS(N140="A","א'", N140="B", "ב'", N140= "C", "ג'")} -> א' | P140: =IF(Table_2[[#This Row],[Correct_Answer]]=Table_2[[#This Row],[System_Recommendation]],1,0) -> 1
A141: P005 | B141: 8 | C141: ניסוי | D141: 1 | E141: רדאר | F141: M1 | G141: OPT | H141: SCN_016_R | I141: H | J141: כן | K141: ב' | L141: =IF(J141="כן", K141, VLOOKUP(LEFT(H141, 7), 'קטלוג תרחישים'!$A:$M, 13, FALSE)) -> ב' | N141: B | O141: {=_xlfn.IFS(N141="A","א'", N141="B", "ב'", N141= "C", "ג'")} -> ב' | P141: =IF(Table_2[[#This Row],[Correct_Answer]]=Table_2[[#This Row],[System_Recommendation]],1,0) -> 1
A142: P005 | B142: 9 | C142: ניסוי | D142: 1 | E142: רדאר | F142: M1 | G142: OPT | H142: SCN_025_R | I142: E | J142: כן | K142: ב' | L142: =IF(J142="כן", K142, VLOOKUP(LEFT(H142, 7), 'קטלוג תרחישים'!$A:$M, 13, FALSE)) -> ב' | N142: B | O142: {=_xlfn.IFS(N142="A","א'", N142="B", "ב'", N142= "C", "ג'")} -> ב' | P142: =IF(Table_2[[#This Row],[Correct_Answer]]=Table_2[[#This Row],[System_Recommendation]],1,0) -> 1
A143: P005 | B143: 10 | C143: ניסוי | D143: 1 | E143: רדאר | F143: M1 | G143: OPT | H143: SCN_012_R | I143: H | J143: לא | K143: ג | L143: =IF(J143="כן", K143, VLOOKUP(LEFT(H143, 7), 'קטלוג תרחישים'!$A:$M, 13, FALSE)) -> א' | N143: C | O143: {=_xlfn.IFS(N143="A","א'", N143="B", "ב'", N143= "C", "ג'")} -> ג' | P143: =IF(Table_2[[#This Row],[Correct_Answer]]=Table_2[[#This Row],[System_Recommendation]],1,0) -> 0
A144: P005 | B144: 11 | C144: ניסוי | D144: 1 | E144: רדאר | F144: M1 | G144: OPT | H144: SCN_014_R | I144: E | J144: כן | K144: א' | L144: =IF(J144="כן", K144, VLOOKUP(LEFT(H144, 7), 'קטלוג תרחישים'!$A:$M, 13, FALSE)) -> א' | N144: A | O144: {=_xlfn.IFS(N144="A","א'", N144="B", "ב'", N144= "C", "ג'")} -> א' | P144: =IF(Table_2[[#This Row],[Correct_Answer]]=Table_2[[#This Row],[System_Recommendation]],1,0) -> 1
A145: P005 | B145: 12 | C145: ניסוי | D145: 2 | E145: מפת חום | F145: M1 | G145: OPT | H145: SCN_007_H | I145: E | J145: כן | K145: ג | L145: =IF(J145="כן", K145, VLOOKUP(LEFT(H145, 7), 'קטלוג תרחישים'!$A:$M, 13, FALSE)) -> ג | N145: C | O145: {=_xlfn.IFS(N145="A","א'", N145="B", "ב'", N145= "C", "ג'")} -> ג' | P145: =IF(Table_2[[#This Row],[Correct_Answer]]=Table_2[[#This Row],[System_Recommendation]],1,0) -> 1
A146: P005 | B146: 13 | C146: ניסוי | D146: 2 | E146: מפת חום | F146: M1 | G146: OPT | H146: SCN_008_H | I146: H | J146: כן | K146: ג | L146: =IF(J146="כן", K146, VLOOKUP(LEFT(H146, 7), 'קטלוג תרחישים'!$A:$M, 13, FALSE)) -> ג | N146: C | O146: {=_xlfn.IFS(N146="A","א'", N146="B", "ב'", N146= "C", "ג'")} -> ג' | P146: =IF(Table_2[[#This Row],[Correct_Answer]]=Table_2[[#This Row],[System_Recommendation]],1,0) -> 1
A147: P005 | B147: 14 | C147: ניסוי | D147: 2 | E147: מפת חום | F147: M1 | G147: OPT | H147: SCN_009_H | I147: E | J147: לא | K147: ב' | L147: =IF(J147="כן", K147, VLOOKUP(LEFT(H147, 7), 'קטלוג תרחישים'!$A:$M, 13, FALSE)) -> ב' | N147: B | O147: {=_xlfn.IFS(N147="A","א'", N147="B", "ב'", N147= "C", "ג'")} -> ב' | P147: =IF(Table_2[[#This Row],[Correct_Answer]]=Table_2[[#This Row],[System_Recommendation]],1,0) -> 1
A148: P005 | B148: 15 | C148: ניסוי | D148: 2 | E148: מפת חום | F148: M1 | G148: OPT | H148: SCN_006_H | I148: H | J148: כן | K148: ב' | L148: =IF(J148="כן", K148, VLOOKUP(LEFT(H148, 7), 'קטלוג תרחישים'!$A:$M, 13, FALSE)) -> ב' | N148: B | O148: {=_xlfn.IFS(N148="A","א'", N148="B", "ב'", N148= "C", "ג'")} -> ב' | P148: =IF(Table_2[[#This Row],[Correct_Answer]]=Table_2[[#This Row],[System_Recommendation]],1,0) -> 1
A149: P005 | B149: 16 | C149: ניסוי | D149: 2 | E149: מפת חום | F149: M1 | G149: OPT | H149: SCN_004_H | I149: E | J149: כן | K149: ב' | L149: =IF(J149="כן", K149, VLOOKUP(LEFT(H149, 7), 'קטלוג תרחישים'!$A:$M, 13, FALSE)) -> ב' | N149: B | O149: {=_xlfn.IFS(N149="A","א'", N149="B", "ב'", N149= "C", "ג'")} -> ב' | P149: =IF(Table_2[[#This Row],[Correct_Answer]]=Table_2[[#This Row],[System_Recommendation]],1,0) -> 1
A150: P005 | B150: 17 | C150: ניסוי | D150: 3 | E150: עמודות נערמות | F150: M1 | G150: OPT | H150: SCN_024_S | I150: H | J150: כן | K150: א' | L150: =IF(J150="כן", K150, VLOOKUP(LEFT(H150, 7), 'קטלוג תרחישים'!$A:$M, 13, FALSE)) -> א' | N150: A | O150: {=_xlfn.IFS(N150="A","א'", N150="B", "ב'", N150= "C", "ג'")} -> א' | P150: =IF(Table_2[[#This Row],[Correct_Answer]]=Table_2[[#This Row],[System_Recommendation]],1,0) -> 1
A151: P005 | B151: 18 | C151: ניסוי | D151: 3 | E151: עמודות נערמות | F151: M1 | G151: OPT | H151: SCN_027_S | I151: E | J151: כן | K151: ג | L151: =IF(J151="כן", K151, VLOOKUP(LEFT(H151, 7), 'קטלוג תרחישים'!$A:$M, 13, FALSE)) -> ג | N151: C | O151: {=_xlfn.IFS(N151="A","א'", N151="B", "ב'", N151= "C", "ג'")} -> ג' | P151: =IF(Table_2[[#This Row],[Correct_Answer]]=Table_2[[#This Row],[System_Recommendation]],1,0) -> 1
... A166: P005 | B166: 33 | C166: ניסוי | D166: 3 | E166: רדאר | F166: M2 | G166: SUB | H166: SCN_020_R | I166: H | J166: כן | K166: א' | L166: =IF(J166="כן", K166, VLOOKUP(LEFT(H166, 7), 'קטלוג תרחישים'!$A:$M, 13, FALSE)) -> א' | N166: A | O166: {=_xlfn.IFS(N166="A","א'", N166="B", "ב'", N166= "C", "ג'")} -> א' | P166: =IF(Table_2[[#This Row],[Correct_Answer]]=Table_2[[#This Row],[System_Recommendation]],1,0) -> 1
A167: P006 | B167: 1 | C167: תרגול | E167: עמודות נערמות | H167: SCN_001_S | I167: E | J167: כן | K167: ג | L167: =IF(J167="כן", K167, VLOOKUP(LEFT(H167, 7), 'קטלוג תרחישים'!$A:$M, 13, FALSE)) -> ג | N167: C | O167: {=_xlfn.IFS(N167="A","א'", N167="B", "ב'", N167= "C", "ג'")} -> ג' | P167: =IF(Table_2[[#This Row],[Correct_Answer]]=Table_2[[#This Row],[System_Recommendation]],1,0) -> 1
A168: P006 | B168: 2 | C168: תרגול | E168: עמודות נערמות | H168: SCN_031_S | I168: E | J168: כן | K168: ג | L168: =IF(J168="כן", K168, VLOOKUP(LEFT(H168, 7), 'קטלוג תרחישים'!$A:$M, 13, FALSE)) -> ג | N168: C | O168: {=_xlfn.IFS(N168="A","א'", N168="B", "ב'", N168= "C", "ג'")} -> ג' | P168: =IF(Table_2[[#This Row],[Correct_Answer]]=Table_2[[#This Row],[System_Recommendation]],1,0) -> 1
A169: P006 | B169: 3 | C169: תרגול | E169: רדאר | H169: SCN_002_R | I169: E | J169: כן | K169: ג | L169: =IF(J169="כן", K169, VLOOKUP(LEFT(H169, 7), 'קטלוג תרחישים'!$A:$M, 13, FALSE)) -> ג | N169: C | O169: {=_xlfn.IFS(N169="A","א'", N169="B", "ב'", N169= "C", "ג'")} -> ג' | P169: =IF(Table_2[[#This Row],[Correct_Answer]]=Table_2[[#This Row],[System_Recommendation]],1,0) -> 1
A170: P006 | B170: 4 | C170: תרגול | E170: רדאר | H170: SCN_032_R | I170: E | J170: כן | K170: ב' | L170: =IF(J170="כן", K170, VLOOKUP(LEFT(H170, 7), 'קטלוג תרחישים'!$A:$M, 13, FALSE)) -> ב' | N170: B | O170: {=_xlfn.IFS(N170="A","א'", N170="B", "ב'", N170= "C", "ג'")} -> ב' | P170: =IF(Table_2[[#This Row],[Correct_Answer]]=Table_2[[#This Row],[System_Recommendation]],1,0) -> 1
...

Sheet בדיקות_איזון
A1: בדיקת איזון (סיכום)
A3: Visualization | B3: E | C3: H | D3: Total
A4: מפת חום | B4: 140 | C4: 130 | D4: 270
A5: רדאר | B5: 140 | C5: 130 | D5: 270
A6: עמודות מוערמות | B6: 140 | C6: 130 | D6: 270
A8: Visualization | B8: OPT_trials | C8: OPT_correct | D8: SUB_trials | E8: SUB_correct
A9: מפת חום | B9: 150 | C9: 120 | D9: 120 | E9: 60
A10: רדאר | B10: 150 | C10: 120 | D10: 120 | E10: 60
A11: עמודות מוערמות | B11: 150 | C11: 120 | D11: 120 | E11: 60
